section id,recording id,blink id,start timestamp [ns],end timestamp [ns],duration [ms]
5b4bffcb-62c3-4bc0-9be5-205b0c6d3b57,a2c3d3dd-30f7-4511-8288-d5c7edc7422d,1,1788548580077481846,1788548580367730846,290
5b4bffcb-62c3-4bc0-9be5-205b0c6d3b57,a2c3d3dd-30f7-4511-8288-d5c7edc7422d,2,1788548589521350846,1788548589731476846,210
5b4bffcb-62c3-4bc0-9be5-205b0c6d3b57,a2c3d3dd-30f7-4511-8288-d5c7edc7422d,3,1788548592559237846,1788548592769349846,210
5b4bffcb-62c3-4bc0-9be5-205b0c6d3b57,a2c3d3dd-30f7-4511-8288-d5c7edc7422d,4,1788548598554846846,1788548598850095846,295
5b4bffcb-62c3-4bc0-9be5-205b0c6d3b57,a2c3d3dd-30f7-4511-8288-d5c7edc7422d,5,1788548602668718846,1788548602893853846,225
5b4bffcb-62c3-4bc0-9be5-205b0c6d3b57,a2c3d3dd-30f7-4511-8288-d5c7edc7422d,6,1788548603899842846,1788548604160094846,260
5b4bffcb-62c3-4bc0-9be5-205b0c6d3b57,a2c3d3dd-30f7-4511-8288-d5c7edc7422d,7,1788548607823465846,1788548608068715846,245
5b4bffcb-62c3-4bc0-9be5-205b0c6d3b57,a2c3d3dd-30f7-4511-8288-d5c7edc7422d,8,1788548609785339846,1788548610050591846,265
5b4bffcb-62c3-4bc0-9be5-205b0c6d3b57,a2c3d3dd-30f7-4511-8288-d5c7edc7422d,9,1788548611466963846,1788548611672096846,205
5b4bffcb-62c3-4bc0-9be5-205b0c6d3b57,a2c3d3dd-30f7-4511-8288-d5c7edc7422d,10,1788548615365585846,1788548615635835846,270
5b4bffcb-62c3-4bc0-9be5-205b0c6d3b57,a2c3d3dd-30f7-4511-8288-d5c7edc7422d,11,1788548616596709846,1788548616836959846,240
5b4bffcb-62c3-4bc0-9be5-205b0c6d3b57,a2c3d3dd-30f7-4511-8288-d5c7edc7422d,12,1788548616982084846,1788548617217334846,235
5b4bffcb-62c3-4bc0-9be5-205b0c6d3b57,a2c3d3dd-30f7-4511-8288-d5c7edc7422d,13,1788548627587077846,1788548627867337846,280
5b4bffcb-62c3-4bc0-9be5-205b0c6d3b57,a2c3d3dd-30f7-4511-8288-d5c7edc7422d,14,1788548632586824846,1788548632867074846,280
5b4bffcb-62c3-4bc0-9be5-205b0c6d3b57,a2c3d3dd-30f7-4511-8288-d5c7edc7422d,15,1788548635419449846,1788548635644710846,225
5b4bffcb-62c3-4bc0-9be5-205b0c6d3b57,a2c3d3dd-30f7-4511-8288-d5c7edc7422d,16,1788548640369068846,1788548640629322846,260
5b4bffcb-62c3-4bc0-9be5-205b0c6d3b57,a2c3d3dd-30f7-4511-8288-d5c7edc7422d,17,1788548649682812846,1788548649848062846,165
5b4bffcb-62c3-4bc0-9be5-205b0c6d3b57,a2c3d3dd-30f7-4511-8288-d5c7edc7422d,18,1788548650048187846,1788548650288447846,240
5b4bffcb-62c3-4bc0-9be5-205b0c6d3b57,a2c3d3dd-30f7-4511-8288-d5c7edc7422d,19,1788548656859557846,1788548657084810846,225
5b4bffcb-62c3-4bc0-9be5-205b0c6d3b57,a2c3d3dd-30f7-4511-8288-d5c7edc7422d,20,1788548658476180846,1788548658711305846,235
5b4bffcb-62c3-4bc0-9be5-205b0c6d3b57,a2c3d3dd-30f7-4511-8288-d5c7edc7422d,21,1788548659432054846,1788548659697304846,265
5b4bffcb-62c3-4bc0-9be5-205b0c6d3b57,a2c3d3dd-30f7-4511-8288-d5c7edc7422d,22,1788548662980314846,1788548663295676846,315
5b4bffcb-62c3-4bc0-9be5-205b0c6d3b57,a2c3d3dd-30f7-4511-8288-d5c7edc7422d,23,1788548663926301846,1788548664231554846,305
5b4bffcb-62c3-4bc0-9be5-205b0c6d3b57,a2c3d3dd-30f7-4511-8288-d5c7edc7422d,24,1788548679465789846,1788548679681038846,215
5b4bffcb-62c3-4bc0-9be5-205b0c6d3b57,a2c3d3dd-30f7-4511-8288-d5c7edc7422d,25,1788548683069286846,1788548683299410846,230
5b4bffcb-62c3-4bc0-9be5-205b0c6d3b57,a2c3d3dd-30f7-4511-8288-d5c7edc7422d,26,1788548685796783846,1788548686047033846,250
5b4bffcb-62c3-4bc0-9be5-205b0c6d3b57,a2c3d3dd-30f7-4511-8288-d5c7edc7422d,27,1788548688884656846,1788548689205031846,320
5b4bffcb-62c3-4bc0-9be5-205b0c6d3b57,a2c3d3dd-30f7-4511-8288-d5c7edc7422d,28,1788548690846529846,1788548691121779846,275
5b4bffcb-62c3-4bc0-9be5-205b0c6d3b57,a2c3d3dd-30f7-4511-8288-d5c7edc7422d,29,1788548692918527846,1788548693183777846,265
5b4bffcb-62c3-4bc0-9be5-205b0c6d3b57,a2c3d3dd-30f7-4511-8288-d5c7edc7422d,30,1788548710655136846,1788548710985511846,330
5b4bffcb-62c3-4bc0-9be5-205b0c6d3b57,a2c3d3dd-30f7-4511-8288-d5c7edc7422d,31,1788548712416767846,1788548712657010846,240
5b4bffcb-62c3-4bc0-9be5-205b0c6d3b57,a2c3d3dd-30f7-4511-8288-d5c7edc7422d,32,1788548714523758846,1788548714764008846,240
5b4bffcb-62c3-4bc0-9be5-205b0c6d3b57,a2c3d3dd-30f7-4511-8288-d5c7edc7422d,33,1788548721020065846,1788548721320312846,300
5b4bffcb-62c3-4bc0-9be5-205b0c6d3b57,a2c3d3dd-30f7-4511-8288-d5c7edc7422d,34,1788548727486177846,1788548727801427846,315
5b4bffcb-62c3-4bc0-9be5-205b0c6d3b57,a2c3d3dd-30f7-4511-8288-d5c7edc7422d,35,1788548734522810846,1788548734823049846,300
5b4bffcb-62c3-4bc0-9be5-205b0c6d3b57,a2c3d3dd-30f7-4511-8288-d5c7edc7422d,36,1788548737290423846,1788548737620673846,330
5b4bffcb-62c3-4bc0-9be5-205b0c6d3b57,a2c3d3dd-30f7-4511-8288-d5c7edc7422d,37,1788548739237172846,1788548739577547846,340
5b4bffcb-62c3-4bc0-9be5-205b0c6d3b57,a2c3d3dd-30f7-4511-8288-d5c7edc7422d,38,1788548741624422846,1788548741944796846,320
5b4bffcb-62c3-4bc0-9be5-205b0c6d3b57,a2c3d3dd-30f7-4511-8288-d5c7edc7422d,39,1788548742094921846,1788548742420172846,325
5b4bffcb-62c3-4bc0-9be5-205b0c6d3b57,a2c3d3dd-30f7-4511-8288-d5c7edc7422d,40,1788548744417046846,1788548744627295846,210
5b4bffcb-62c3-4bc0-9be5-205b0c6d3b57,a2c3d3dd-30f7-4511-8288-d5c7edc7422d,41,1788548763334913846,1788548763600162846,265
5b4bffcb-62c3-4bc0-9be5-205b0c6d3b57,a2c3d3dd-30f7-4511-8288-d5c7edc7422d,42,1788548767598915846,1788548767934161846,335
5b4bffcb-62c3-4bc0-9be5-205b0c6d3b57,a2c3d3dd-30f7-4511-8288-d5c7edc7422d,43,1788548769565785846,1788548769810910846,245
5b4bffcb-62c3-4bc0-9be5-205b0c6d3b57,a2c3d3dd-30f7-4511-8288-d5c7edc7422d,44,1788548775221032846,1788548775426282846,205
5b4bffcb-62c3-4bc0-9be5-205b0c6d3b57,a2c3d3dd-30f7-4511-8288-d5c7edc7422d,45,1788548776862656846,1788548777177906846,315
5b4bffcb-62c3-4bc0-9be5-205b0c6d3b57,a2c3d3dd-30f7-4511-8288-d5c7edc7422d,46,1788548777257913846,1788548777558281846,300
5b4bffcb-62c3-4bc0-9be5-205b0c6d3b57,a2c3d3dd-30f7-4511-8288-d5c7edc7422d,47,1788548786822027846,1788548787137277846,315
5b4bffcb-62c3-4bc0-9be5-205b0c6d3b57,a2c3d3dd-30f7-4511-8288-d5c7edc7422d,48,1788548790780650846,1788548791136025846,355
5b4bffcb-62c3-4bc0-9be5-205b0c6d3b57,a2c3d3dd-30f7-4511-8288-d5c7edc7422d,49,1788548801916144846,1788548802116394846,200
5b4bffcb-62c3-4bc0-9be5-205b0c6d3b57,a2c3d3dd-30f7-4511-8288-d5c7edc7422d,50,1788548811700606846,1788548812040845846,340
5b4bffcb-62c3-4bc0-9be5-205b0c6d3b57,a2c3d3dd-30f7-4511-8288-d5c7edc7422d,51,1788548816324970846,1788548816580219846,255
5b4bffcb-62c3-4bc0-9be5-205b0c6d3b57,a2c3d3dd-30f7-4511-8288-d5c7edc7422d,52,1788548820388719846,1788548820714094846,325
5b4bffcb-62c3-4bc0-9be5-205b0c6d3b57,a2c3d3dd-30f7-4511-8288-d5c7edc7422d,53,1788548826229219846,1788548826534469846,305
5b4bffcb-62c3-4bc0-9be5-205b0c6d3b57,a2c3d3dd-30f7-4511-8288-d5c7edc7422d,54,1788548827385351846,1788548827665594846,280
5b4bffcb-62c3-4bc0-9be5-205b0c6d3b57,a2c3d3dd-30f7-4511-8288-d5c7edc7422d,55,1788548828226098846,1788548828641469846,415
5b4bffcb-62c3-4bc0-9be5-205b0c6d3b57,a2c3d3dd-30f7-4511-8288-d5c7edc7422d,56,1788548829832594846,1788548830087844846,255
5b4bffcb-62c3-4bc0-9be5-205b0c6d3b57,a2c3d3dd-30f7-4511-8288-d5c7edc7422d,57,1788548833646219846,1788548833956469846,310
5b4bffcb-62c3-4bc0-9be5-205b0c6d3b57,a2c3d3dd-30f7-4511-8288-d5c7edc7422d,58,1788548838130469846,1788548838465718846,335
5b4bffcb-62c3-4bc0-9be5-205b0c6d3b57,a2c3d3dd-30f7-4511-8288-d5c7edc7422d,59,1788548839481718846,1788548839756968846,275
5b4bffcb-62c3-4bc0-9be5-205b0c6d3b57,a2c3d3dd-30f7-4511-8288-d5c7edc7422d,60,1788548844861718846,1788548845162093846,300
5b4bffcb-62c3-4bc0-9be5-205b0c6d3b57,a2c3d3dd-30f7-4511-8288-d5c7edc7422d,61,1788548848014718846,1788548848274968846,260
5b4bffcb-62c3-4bc0-9be5-205b0c6d3b57,a2c3d3dd-30f7-4511-8288-d5c7edc7422d,62,1788548852734221846,1788548853034467846,300
5b4bffcb-62c3-4bc0-9be5-205b0c6d3b57,a2c3d3dd-30f7-4511-8288-d5c7edc7422d,63,1788548856362592846,1788548856612842846,250
5b4bffcb-62c3-4bc0-9be5-205b0c6d3b57,a2c3d3dd-30f7-4511-8288-d5c7edc7422d,64,1788548857493717846,1788548857823967846,330
5b4bffcb-62c3-4bc0-9be5-205b0c6d3b57,a2c3d3dd-30f7-4511-8288-d5c7edc7422d,65,1788548858364467846,1788548858659717846,295
5b4bffcb-62c3-4bc0-9be5-205b0c6d3b57,a2c3d3dd-30f7-4511-8288-d5c7edc7422d,66,1788548860626592846,1788548860861842846,235
5b4bffcb-62c3-4bc0-9be5-205b0c6d3b57,a2c3d3dd-30f7-4511-8288-d5c7edc7422d,67,1788548864335091846,1788548864660466846,325
5b4bffcb-62c3-4bc0-9be5-205b0c6d3b57,a2c3d3dd-30f7-4511-8288-d5c7edc7422d,68,1788548865906591846,1788548866191841846,285
5b4bffcb-62c3-4bc0-9be5-205b0c6d3b57,a2c3d3dd-30f7-4511-8288-d5c7edc7422d,69,1788548884559091846,1788548884739339846,180
5b4bffcb-62c3-4bc0-9be5-205b0c6d3b57,a2c3d3dd-30f7-4511-8288-d5c7edc7422d,70,1788548887757089846,1788548887992339846,235
5b4bffcb-62c3-4bc0-9be5-205b0c6d3b57,a2c3d3dd-30f7-4511-8288-d5c7edc7422d,71,1788548889623844846,1788548889919214846,295
5b4bffcb-62c3-4bc0-9be5-205b0c6d3b57,a2c3d3dd-30f7-4511-8288-d5c7edc7422d,72,1788548890584838846,1788548890905098846,320
5b4bffcb-62c3-4bc0-9be5-205b0c6d3b57,a2c3d3dd-30f7-4511-8288-d5c7edc7422d,73,1788548891560713846,1788548891966088846,405
5b4bffcb-62c3-4bc0-9be5-205b0c6d3b57,a2c3d3dd-30f7-4511-8288-d5c7edc7422d,74,1788548901139712846,1788548901359965846,220
5b4bffcb-62c3-4bc0-9be5-205b0c6d3b57,a2c3d3dd-30f7-4511-8288-d5c7edc7422d,75,1788548901805337846,1788548902030587846,225
5b4bffcb-62c3-4bc0-9be5-205b0c6d3b57,a2c3d3dd-30f7-4511-8288-d5c7edc7422d,76,1788548912980835846,1788548913241085846,260
5b4bffcb-62c3-4bc0-9be5-205b0c6d3b57,a2c3d3dd-30f7-4511-8288-d5c7edc7422d,77,1788548915062835846,1788548915393085846,330
5b4bffcb-62c3-4bc0-9be5-205b0c6d3b57,a2c3d3dd-30f7-4511-8288-d5c7edc7422d,78,1788548915978710846,1788548916399085846,420
5b4bffcb-62c3-4bc0-9be5-205b0c6d3b57,a2c3d3dd-30f7-4511-8288-d5c7edc7422d,79,1788548918506087846,1788548918711209846,205
5b4bffcb-62c3-4bc0-9be5-205b0c6d3b57,a2c3d3dd-30f7-4511-8288-d5c7edc7422d,80,1788548920182592846,1788548920432834846,250
5b4bffcb-62c3-4bc0-9be5-205b0c6d3b57,a2c3d3dd-30f7-4511-8288-d5c7edc7422d,81,1788548921028469846,1788548921233584846,205
5b4bffcb-62c3-4bc0-9be5-205b0c6d3b57,a2c3d3dd-30f7-4511-8288-d5c7edc7422d,82,1788548922850222846,1788548923230458846,380
5b4bffcb-62c3-4bc0-9be5-205b0c6d3b57,a2c3d3dd-30f7-4511-8288-d5c7edc7422d,83,1788548925632833846,1788548925872958846,240
5b4bffcb-62c3-4bc0-9be5-205b0c6d3b57,a2c3d3dd-30f7-4511-8288-d5c7edc7422d,84,1788548935041587846,1788548935341956846,300
5b4bffcb-62c3-4bc0-9be5-205b0c6d3b57,a2c3d3dd-30f7-4511-8288-d5c7edc7422d,85,1788548939680955846,1788548939951205846,270
5b4bffcb-62c3-4bc0-9be5-205b0c6d3b57,a2c3d3dd-30f7-4511-8288-d5c7edc7422d,86,1788548941457705846,1788548941787955846,330
5b4bffcb-62c3-4bc0-9be5-205b0c6d3b57,a2c3d3dd-30f7-4511-8288-d5c7edc7422d,87,1788548942363459846,1788548942633830846,270
5b4bffcb-62c3-4bc0-9be5-205b0c6d3b57,a2c3d3dd-30f7-4511-8288-d5c7edc7422d,88,1788548942833955846,1788548943124205846,290
5b4bffcb-62c3-4bc0-9be5-205b0c6d3b57,a2c3d3dd-30f7-4511-8288-d5c7edc7422d,89,1788548943589705846,1788548943874955846,285
5b4bffcb-62c3-4bc0-9be5-205b0c6d3b57,a2c3d3dd-30f7-4511-8288-d5c7edc7422d,90,1788548946397329846,1788548946737579846,340
5b4bffcb-62c3-4bc0-9be5-205b0c6d3b57,a2c3d3dd-30f7-4511-8288-d5c7edc7422d,91,1788548964614450846,1788548964824700846,210
5b4bffcb-62c3-4bc0-9be5-205b0c6d3b57,a2c3d3dd-30f7-4511-8288-d5c7edc7422d,92,1788548966651325846,1788548966906575846,255
5b4bffcb-62c3-4bc0-9be5-205b0c6d3b57,a2c3d3dd-30f7-4511-8288-d5c7edc7422d,93,1788548967482200846,1788548967762450846,280
5b4bffcb-62c3-4bc0-9be5-205b0c6d3b57,a2c3d3dd-30f7-4511-8288-d5c7edc7422d,94,1788548968167825846,1788548968352949846,185
5b4bffcb-62c3-4bc0-9be5-205b0c6d3b57,a2c3d3dd-30f7-4511-8288-d5c7edc7422d,95,1788548969899449846,1788548970209699846,310
5b4bffcb-62c3-4bc0-9be5-205b0c6d3b57,a2c3d3dd-30f7-4511-8288-d5c7edc7422d,96,1788548971055574846,1788548971485949846,430
5b4bffcb-62c3-4bc0-9be5-205b0c6d3b57,a2c3d3dd-30f7-4511-8288-d5c7edc7422d,97,1788548972331699846,1788548972687078846,355
5b4bffcb-62c3-4bc0-9be5-205b0c6d3b57,a2c3d3dd-30f7-4511-8288-d5c7edc7422d,98,1788548994727818846,1788548994937943846,210
5b4bffcb-62c3-4bc0-9be5-205b0c6d3b57,a2c3d3dd-30f7-4511-8288-d5c7edc7422d,99,1788548996429443846,1788548996749693846,320
5b4bffcb-62c3-4bc0-9be5-205b0c6d3b57,a2c3d3dd-30f7-4511-8288-d5c7edc7422d,100,1788548999502317846,1788548999802572846,300
5b4bffcb-62c3-4bc0-9be5-205b0c6d3b57,a2c3d3dd-30f7-4511-8288-d5c7edc7422d,101,1788549002259941846,1788549002530191846,270
5b4bffcb-62c3-4bc0-9be5-205b0c6d3b57,a2c3d3dd-30f7-4511-8288-d5c7edc7422d,102,1788549003380941846,1788549003671191846,290
5b4bffcb-62c3-4bc0-9be5-205b0c6d3b57,a2c3d3dd-30f7-4511-8288-d5c7edc7422d,103,1788549007404690846,1788549007705065846,300
5b4bffcb-62c3-4bc0-9be5-205b0c6d3b57,a2c3d3dd-30f7-4511-8288-d5c7edc7422d,104,1788549010752814846,1788549011008075846,255
5b4bffcb-62c3-4bc0-9be5-205b0c6d3b57,a2c3d3dd-30f7-4511-8288-d5c7edc7422d,105,1788549015342190846,1788549015537438846,195
5b4bffcb-62c3-4bc0-9be5-205b0c6d3b57,a2c3d3dd-30f7-4511-8288-d5c7edc7422d,106,1788549018910562846,1788549019150821846,240
5b4bffcb-62c3-4bc0-9be5-205b0c6d3b57,a2c3d3dd-30f7-4511-8288-d5c7edc7422d,107,1788549019325937846,1788549019641192846,315
5b4bffcb-62c3-4bc0-9be5-205b0c6d3b57,a2c3d3dd-30f7-4511-8288-d5c7edc7422d,108,1788549021037562846,1788549021262816846,225
5b4bffcb-62c3-4bc0-9be5-205b0c6d3b57,a2c3d3dd-30f7-4511-8288-d5c7edc7422d,109,1788549022368811846,1788549022704061846,335
5b4bffcb-62c3-4bc0-9be5-205b0c6d3b57,a2c3d3dd-30f7-4511-8288-d5c7edc7422d,110,1788549023044436846,1788549023394816846,350
5b4bffcb-62c3-4bc0-9be5-205b0c6d3b57,a2c3d3dd-30f7-4511-8288-d5c7edc7422d,111,1788549024525811846,1788549024736061846,210
5b4bffcb-62c3-4bc0-9be5-205b0c6d3b57,a2c3d3dd-30f7-4511-8288-d5c7edc7422d,112,1788549043638805846,1788549043939055846,300
5b4bffcb-62c3-4bc0-9be5-205b0c6d3b57,a2c3d3dd-30f7-4511-8288-d5c7edc7422d,113,1788549046506554846,1788549046801804846,295
5b4bffcb-62c3-4bc0-9be5-205b0c6d3b57,a2c3d3dd-30f7-4511-8288-d5c7edc7422d,114,1788549046886929846,1788549047237179846,350
5b4bffcb-62c3-4bc0-9be5-205b0c6d3b57,a2c3d3dd-30f7-4511-8288-d5c7edc7422d,115,1788549049224054846,1788549049669440846,445
5b4bffcb-62c3-4bc0-9be5-205b0c6d3b57,a2c3d3dd-30f7-4511-8288-d5c7edc7422d,116,1788549050275053846,1788549050565303846,290
5b4bffcb-62c3-4bc0-9be5-205b0c6d3b57,a2c3d3dd-30f7-4511-8288-d5c7edc7422d,117,1788549062811800846,1788549063037050846,225
5b4bffcb-62c3-4bc0-9be5-205b0c6d3b57,a2c3d3dd-30f7-4511-8288-d5c7edc7422d,118,1788549065704549846,1788549065939799846,235
5b4bffcb-62c3-4bc0-9be5-205b0c6d3b57,a2c3d3dd-30f7-4511-8288-d5c7edc7422d,119,1788549067951674846,1788549068181924846,230
5b4bffcb-62c3-4bc0-9be5-205b0c6d3b57,a2c3d3dd-30f7-4511-8288-d5c7edc7422d,120,1788549068367049846,1788549068662425846,295
5b4bffcb-62c3-4bc0-9be5-205b0c6d3b57,a2c3d3dd-30f7-4511-8288-d5c7edc7422d,121,1788549071169673846,1788549071444934846,275
5b4bffcb-62c3-4bc0-9be5-205b0c6d3b57,a2c3d3dd-30f7-4511-8288-d5c7edc7422d,122,1788549071645172846,1788549071970422846,325
5b4bffcb-62c3-4bc0-9be5-205b0c6d3b57,a2c3d3dd-30f7-4511-8288-d5c7edc7422d,123,1788549073757172846,1788549074042422846,285
5b4bffcb-62c3-4bc0-9be5-205b0c6d3b57,a2c3d3dd-30f7-4511-8288-d5c7edc7422d,124,1788549074663058846,1788549074943310846,280
5b4bffcb-62c3-4bc0-9be5-205b0c6d3b57,a2c3d3dd-30f7-4511-8288-d5c7edc7422d,125,1788549075839171846,1788549076119421846,280
5b4bffcb-62c3-4bc0-9be5-205b0c6d3b57,a2c3d3dd-30f7-4511-8288-d5c7edc7422d,126,1788549078481546846,1788549078786921846,305
5b4bffcb-62c3-4bc0-9be5-205b0c6d3b57,a2c3d3dd-30f7-4511-8288-d5c7edc7422d,127,1788549080118170846,1788549080443424846,325
5b4bffcb-62c3-4bc0-9be5-205b0c6d3b57,a2c3d3dd-30f7-4511-8288-d5c7edc7422d,128,1788549081934795846,1788549082200045846,265
5b4bffcb-62c3-4bc0-9be5-205b0c6d3b57,a2c3d3dd-30f7-4511-8288-d5c7edc7422d,129,1788549083115919846,1788549083371169846,255
5b4bffcb-62c3-4bc0-9be5-205b0c6d3b57,a2c3d3dd-30f7-4511-8288-d5c7edc7422d,130,1788549084507294846,1788549084762544846,255
5b4bffcb-62c3-4bc0-9be5-205b0c6d3b57,a2c3d3dd-30f7-4511-8288-d5c7edc7422d,131,1788549087780418846,1788549088000547846,220
5b4bffcb-62c3-4bc0-9be5-205b0c6d3b57,a2c3d3dd-30f7-4511-8288-d5c7edc7422d,132,1788549099101040846,1788549099351290846,250
5b4bffcb-62c3-4bc0-9be5-205b0c6d3b57,a2c3d3dd-30f7-4511-8288-d5c7edc7422d,133,1788549107674037846,1788549107989412846,315
5b4bffcb-62c3-4bc0-9be5-205b0c6d3b57,a2c3d3dd-30f7-4511-8288-d5c7edc7422d,134,1788549109025287846,1788549109275537846,250
5b4bffcb-62c3-4bc0-9be5-205b0c6d3b57,a2c3d3dd-30f7-4511-8288-d5c7edc7422d,135,1788549110812036846,1788549111042289846,230
5b4bffcb-62c3-4bc0-9be5-205b0c6d3b57,a2c3d3dd-30f7-4511-8288-d5c7edc7422d,136,1788549112133286846,1788549112408536846,275
5b4bffcb-62c3-4bc0-9be5-205b0c6d3b57,a2c3d3dd-30f7-4511-8288-d5c7edc7422d,137,1788549112803919846,1788549113089161846,285
5b4bffcb-62c3-4bc0-9be5-205b0c6d3b57,a2c3d3dd-30f7-4511-8288-d5c7edc7422d,138,1788549114355410846,1788549114670660846,315
5b4bffcb-62c3-4bc0-9be5-205b0c6d3b57,a2c3d3dd-30f7-4511-8288-d5c7edc7422d,139,1788549118499284846,1788549118774534846,275
5b4bffcb-62c3-4bc0-9be5-205b0c6d3b57,a2c3d3dd-30f7-4511-8288-d5c7edc7422d,140,1788549122377912846,1788549122768283846,390
5b4bffcb-62c3-4bc0-9be5-205b0c6d3b57,a2c3d3dd-30f7-4511-8288-d5c7edc7422d,141,1788549125030407846,1788549125185532846,155
5b4bffcb-62c3-4bc0-9be5-205b0c6d3b57,a2c3d3dd-30f7-4511-8288-d5c7edc7422d,142,1788549129009156846,1788549129324406846,315
5b4bffcb-62c3-4bc0-9be5-205b0c6d3b57,a2c3d3dd-30f7-4511-8288-d5c7edc7422d,143,1788549131701657846,1788549132007030846,305
5b4bffcb-62c3-4bc0-9be5-205b0c6d3b57,a2c3d3dd-30f7-4511-8288-d5c7edc7422d,144,1788549135004792846,1788549135290033846,285
5b4bffcb-62c3-4bc0-9be5-205b0c6d3b57,a2c3d3dd-30f7-4511-8288-d5c7edc7422d,145,1788549136075779846,1788549136316029846,240
5b4bffcb-62c3-4bc0-9be5-205b0c6d3b57,a2c3d3dd-30f7-4511-8288-d5c7edc7422d,146,1788549139899406846,1788549140154657846,255
5b4bffcb-62c3-4bc0-9be5-205b0c6d3b57,a2c3d3dd-30f7-4511-8288-d5c7edc7422d,147,1788549141816152846,1788549142061402846,245
5b4bffcb-62c3-4bc0-9be5-205b0c6d3b57,a2c3d3dd-30f7-4511-8288-d5c7edc7422d,148,1788549146495651846,1788549146805903846,310
5b4bffcb-62c3-4bc0-9be5-205b0c6d3b57,a2c3d3dd-30f7-4511-8288-d5c7edc7422d,149,1788549150013900846,1788549150254150846,240
5b4bffcb-62c3-4bc0-9be5-205b0c6d3b57,a2c3d3dd-30f7-4511-8288-d5c7edc7422d,150,1788549156960398846,1788549157215648846,255
5b4bffcb-62c3-4bc0-9be5-205b0c6d3b57,a2c3d3dd-30f7-4511-8288-d5c7edc7422d,151,1788549158802147846,1788549159052397846,250
5b4bffcb-62c3-4bc0-9be5-205b0c6d3b57,a2c3d3dd-30f7-4511-8288-d5c7edc7422d,152,1788549161815027846,1788549162170396846,355
5b4bffcb-62c3-4bc0-9be5-205b0c6d3b57,a2c3d3dd-30f7-4511-8288-d5c7edc7422d,153,1788549163441521846,1788549163721771846,280
5b4bffcb-62c3-4bc0-9be5-205b0c6d3b57,a2c3d3dd-30f7-4511-8288-d5c7edc7422d,154,1788549165323270846,1788549165583520846,260
5b4bffcb-62c3-4bc0-9be5-205b0c6d3b57,a2c3d3dd-30f7-4511-8288-d5c7edc7422d,155,1788549173160643846,1788549173400893846,240
5b4bffcb-62c3-4bc0-9be5-205b0c6d3b57,a2c3d3dd-30f7-4511-8288-d5c7edc7422d,156,1788549179731894846,1788549180077266846,345
5b4bffcb-62c3-4bc0-9be5-205b0c6d3b57,a2c3d3dd-30f7-4511-8288-d5c7edc7422d,157,1788549180572641846,1788549180918016846,345
5b4bffcb-62c3-4bc0-9be5-205b0c6d3b57,a2c3d3dd-30f7-4511-8288-d5c7edc7422d,158,1788549182694640846,1788549182974890846,280
5b4bffcb-62c3-4bc0-9be5-205b0c6d3b57,a2c3d3dd-30f7-4511-8288-d5c7edc7422d,159,1788549183840765846,1788549184211140846,370
5b4bffcb-62c3-4bc0-9be5-205b0c6d3b57,a2c3d3dd-30f7-4511-8288-d5c7edc7422d,160,1788549186798514846,1788549187038770846,240
5b4bffcb-62c3-4bc0-9be5-205b0c6d3b57,a2c3d3dd-30f7-4511-8288-d5c7edc7422d,161,1788549197868885846,1788549198124136846,255
5b4bffcb-62c3-4bc0-9be5-205b0c6d3b57,a2c3d3dd-30f7-4511-8288-d5c7edc7422d,162,1788549205926508846,1788549206196758846,270
5b4bffcb-62c3-4bc0-9be5-205b0c6d3b57,a2c3d3dd-30f7-4511-8288-d5c7edc7422d,163,1788549206261885846,1788549206552133846,290
5b4bffcb-62c3-4bc0-9be5-205b0c6d3b57,a2c3d3dd-30f7-4511-8288-d5c7edc7422d,164,1788549208494007846,1788549208804257846,310
5b4bffcb-62c3-4bc0-9be5-205b0c6d3b57,a2c3d3dd-30f7-4511-8288-d5c7edc7422d,165,1788549210230632846,1788549210666016846,435
5b4bffcb-62c3-4bc0-9be5-205b0c6d3b57,a2c3d3dd-30f7-4511-8288-d5c7edc7422d,166,1788549213243381846,1788549213583768846,340
5b4bffcb-62c3-4bc0-9be5-205b0c6d3b57,a2c3d3dd-30f7-4511-8288-d5c7edc7422d,167,1788549216641630846,1788549216876880846,235
5b4bffcb-62c3-4bc0-9be5-205b0c6d3b57,a2c3d3dd-30f7-4511-8288-d5c7edc7422d,168,1788549218808633846,1788549218998879846,190
5b4bffcb-62c3-4bc0-9be5-205b0c6d3b57,a2c3d3dd-30f7-4511-8288-d5c7edc7422d,169,1788549219774504846,1788549219949754846,175
5b4bffcb-62c3-4bc0-9be5-205b0c6d3b57,a2c3d3dd-30f7-4511-8288-d5c7edc7422d,170,1788549220139879846,1788549220290004846,150
5b4bffcb-62c3-4bc0-9be5-205b0c6d3b57,a2c3d3dd-30f7-4511-8288-d5c7edc7422d,171,1788549220585378846,1788549220805504846,220
5b4bffcb-62c3-4bc0-9be5-205b0c6d3b57,a2c3d3dd-30f7-4511-8288-d5c7edc7422d,172,1788549225069502846,1788549225289752846,220
5b4bffcb-62c3-4bc0-9be5-205b0c6d3b57,a2c3d3dd-30f7-4511-8288-d5c7edc7422d,173,1788549229068263846,1788549229343626846,275
5b4bffcb-62c3-4bc0-9be5-205b0c6d3b57,a2c3d3dd-30f7-4511-8288-d5c7edc7422d,174,1788549230910000846,1788549231175250846,265
5b4bffcb-62c3-4bc0-9be5-205b0c6d3b57,a2c3d3dd-30f7-4511-8288-d5c7edc7422d,175,1788549231891000846,1788549232201261846,310
5b4bffcb-62c3-4bc0-9be5-205b0c6d3b57,a2c3d3dd-30f7-4511-8288-d5c7edc7422d,176,1788549236975748846,1788549237230998846,255
5b4bffcb-62c3-4bc0-9be5-205b0c6d3b57,a2c3d3dd-30f7-4511-8288-d5c7edc7422d,177,1788549241449997846,1788549241685122846,235
5b4bffcb-62c3-4bc0-9be5-205b0c6d3b57,a2c3d3dd-30f7-4511-8288-d5c7edc7422d,178,1788549246284495846,1788549246499745846,215
5b4bffcb-62c3-4bc0-9be5-205b0c6d3b57,a2c3d3dd-30f7-4511-8288-d5c7edc7422d,179,1788549256739367846,1788549256974617846,235
5b4bffcb-62c3-4bc0-9be5-205b0c6d3b57,a2c3d3dd-30f7-4511-8288-d5c7edc7422d,180,1788549257069617846,1788549257419992846,350
5b4bffcb-62c3-4bc0-9be5-205b0c6d3b57,a2c3d3dd-30f7-4511-8288-d5c7edc7422d,181,1788549259336741846,1788549259606991846,270
5b4bffcb-62c3-4bc0-9be5-205b0c6d3b57,a2c3d3dd-30f7-4511-8288-d5c7edc7422d,182,1788549261338616846,1788549261513866846,175
5b4bffcb-62c3-4bc0-9be5-205b0c6d3b57,a2c3d3dd-30f7-4511-8288-d5c7edc7422d,183,1788549264131240846,1788549264381501846,250
5b4bffcb-62c3-4bc0-9be5-205b0c6d3b57,a2c3d3dd-30f7-4511-8288-d5c7edc7422d,184,1788549266448489846,1788549266693739846,245
5b4bffcb-62c3-4bc0-9be5-205b0c6d3b57,a2c3d3dd-30f7-4511-8288-d5c7edc7422d,185,1788549267644616846,1788549267864870846,220
5b4bffcb-62c3-4bc0-9be5-205b0c6d3b57,a2c3d3dd-30f7-4511-8288-d5c7edc7422d,186,1788549268069989846,1788549268305238846,235
5b4bffcb-62c3-4bc0-9be5-205b0c6d3b57,a2c3d3dd-30f7-4511-8288-d5c7edc7422d,187,1788549268910738846,1788549269140988846,230
5b4bffcb-62c3-4bc0-9be5-205b0c6d3b57,a2c3d3dd-30f7-4511-8288-d5c7edc7422d,188,1788549270952737846,1788549271167862846,215
5b4bffcb-62c3-4bc0-9be5-205b0c6d3b57,a2c3d3dd-30f7-4511-8288-d5c7edc7422d,189,1788549273194863846,1788549273515112846,320
5b4bffcb-62c3-4bc0-9be5-205b0c6d3b57,a2c3d3dd-30f7-4511-8288-d5c7edc7422d,190,1788549274601111846,1788549274831361846,230
5b4bffcb-62c3-4bc0-9be5-205b0c6d3b57,a2c3d3dd-30f7-4511-8288-d5c7edc7422d,191,1788549278559860846,1788549278800110846,240
5b4bffcb-62c3-4bc0-9be5-205b0c6d3b57,a2c3d3dd-30f7-4511-8288-d5c7edc7422d,192,1788549280501734846,1788549280741984846,240
5b4bffcb-62c3-4bc0-9be5-205b0c6d3b57,a2c3d3dd-30f7-4511-8288-d5c7edc7422d,193,1788549283549613846,1788549283759734846,210
5b4bffcb-62c3-4bc0-9be5-205b0c6d3b57,a2c3d3dd-30f7-4511-8288-d5c7edc7422d,194,1788549283979983846,1788549284155108846,175
5b4bffcb-62c3-4bc0-9be5-205b0c6d3b57,a2c3d3dd-30f7-4511-8288-d5c7edc7422d,195,1788549286947733846,1788549287202987846,255
5b4bffcb-62c3-4bc0-9be5-205b0c6d3b57,a2c3d3dd-30f7-4511-8288-d5c7edc7422d,196,1788549290456106846,1788549290681231846,225
5b4bffcb-62c3-4bc0-9be5-205b0c6d3b57,a2c3d3dd-30f7-4511-8288-d5c7edc7422d,197,1788549292002481846,1788549292342856846,340
5b4bffcb-62c3-4bc0-9be5-205b0c6d3b57,a2c3d3dd-30f7-4511-8288-d5c7edc7422d,198,1788549295230613846,1788549295535855846,305
5b4bffcb-62c3-4bc0-9be5-205b0c6d3b57,a2c3d3dd-30f7-4511-8288-d5c7edc7422d,199,1788549298113229846,1788549298358479846,245
5b4bffcb-62c3-4bc0-9be5-205b0c6d3b57,a2c3d3dd-30f7-4511-8288-d5c7edc7422d,200,1788549300320353846,1788549300550603846,230
5b4bffcb-62c3-4bc0-9be5-205b0c6d3b57,a2c3d3dd-30f7-4511-8288-d5c7edc7422d,201,1788549301416353846,1788549301666603846,250
