SubjectID,EpochStart,EpochIndex,EpochNumber,Condition,SHOW_LASER,waveFreq,TrialDuration_s,TrackingThreshold,Time_s,DialRawValue,Asteroid_X,Asteroid_Y,Laser_X,Laser_Y,Tracking_Error,GeometryContact,ScoredLaserContact
LB_pilot_3170,2026-09-04 15:04:02.114,2,2,TRACKING,1,1.5,14,0.25,0.031941,547,50.09126,29.58933,49.3471133135332,38.3443642864541,8.78660228119872,0,0
LB_pilot_3170,2026-09-04 15:04:02.114,2,2,TRACKING,1,1.5,14,0.25,0.0585353,547,50.1672437142857,29.2474032857143,49.3936979310903,38.3483238127862,9.13373568255498,0,0
LB_pilot_3170,2026-09-04 15:04:02.114,2,2,TRACKING,1,1.5,14,0.25,0.0922164,548,50.2634754285714,28.8143605714286,49.4216823766187,38.4455617449134,9.6679186791393,0,0
LB_pilot_3170,2026-09-04 15:04:02.114,2,2,TRACKING,1,1.5,14,0.25,0.1275605,548,50.3644585714286,28.3599364285714,49.4824831481021,38.4508758969144,10.1294096570883,0,0
LB_pilot_3170,2026-09-04 15:04:02.114,2,2,TRACKING,1,1.5,14,0.25,0.1585119,550,50.4528911428571,27.9619898571429,49.4682117057415,38.639691260943,10.7230080137336,0,0
LB_pilot_3170,2026-09-04 15:04:02.114,2,2,TRACKING,1,1.5,14,0.25,0.1913231,553,50.5466374285714,27.5401315714286,49.4149323268748,38.9198036400626,11.4358074846884,0,0
LB_pilot_3170,2026-09-04 15:04:02.114,2,2,TRACKING,1,1.5,14,0.25,0.2240481,555,50.6401374285714,27.1193815714286,49.3900653850378,39.1074517311563,12.0530704083473,0,0
LB_pilot_3170,2026-09-04 15:04:02.114,2,2,TRACKING,1,1.5,14,0.25,0.2575085,557,50.7357385714286,26.6891764285714,49.3603970205655,39.2945252903652,12.6801571090052,0,0
LB_pilot_3170,2026-09-04 15:04:02.114,2,2,TRACKING,1,1.5,14,0.25,0.3014832,559,50.8613805714286,26.1237874285714,49.3392344243517,39.4824795420931,13.4451323488066,0,0
LB_pilot_3170,2026-09-04 15:04:02.114,2,2,TRACKING,1,1.5,14,0.25,0.3232137,560,50.9234677142857,25.8443952857143,49.3255854595279,39.5761000666763,13.8243605237843,0,0
LB_pilot_3170,2026-09-04 15:04:02.114,2,2,TRACKING,1,1.5,14,0.25,0.3576652,561,51.0219005714286,25.4014474285714,49.326821110337,39.6714755113067,14.3703512782906,0,0
LB_pilot_3170,2026-09-04 15:04:02.114,2,2,TRACKING,1,1.5,14,0.25,0.3964305,563,51.1326585714286,24.9030364285714,49.2838772868283,39.8567928422358,15.0676084073584,0,0
LB_pilot_3170,2026-09-04 15:04:02.114,2,2,TRACKING,1,1.5,14,0.25,0.425798,564,51.2165657142857,24.5254542857143,49.2720874631543,39.9505996846982,15.5472218177049,0,0
LB_pilot_3170,2026-09-04 15:04:02.114,2,2,TRACKING,1,1.5,14,0.25,0.4563403,564,51.3038294285714,24.1327675714286,49.3092588019371,39.9552854661258,15.9477391661843,0,0
LB_pilot_3170,2026-09-04 15:04:02.114,2,2,TRACKING,1,1.5,14,0.25,0.4878813,565,51.3939465714286,23.7272404285714,49.2968129618226,40.0490984114207,16.4560328569446,0,0
LB_pilot_3170,2026-09-04 15:04:02.114,2,2,TRACKING,1,1.5,14,0.25,0.521908,565,51.4911657142857,23.2897542857143,49.3371551722805,40.0542818289903,16.9023414107138,0,0
LB_pilot_3170,2026-09-04 15:04:02.114,2,2,TRACKING,1,1.5,14,0.25,0.555797,565,51.5879914285714,22.8540385714286,49.3773341249914,40.0594442701914,17.3468438331845,0,0
LB_pilot_3170,2026-09-04 15:04:02.114,2,2,TRACKING,1,1.5,14,0.25,0.5873705,565,51.6782014285714,22.4480935714286,49.4147678103588,40.0642539824066,17.7609751806979,0,0
LB_pilot_3170,2026-09-04 15:04:02.114,2,2,TRACKING,1,1.5,14,0.25,0.6197257,565,51.7706448571429,22.0320981428571,49.4531282828057,40.0691827739776,18.1853596352266,0,0
LB_pilot_3170,2026-09-04 15:04:02.114,2,2,TRACKING,1,1.5,14,0.25,0.6525035,565,51.8642957142857,21.6106692857143,49.4919897917369,40.0741759418256,18.6152870896591,0,0
LB_pilot_3170,2026-09-04 15:04:02.114,2,2,TRACKING,1,1.5,14,0.25,0.6923544,565,51.9781554285714,21.0983005714286,49.5392372002348,40.0802465820941,19.1379883079788,0,0
LB_pilot_3170,2026-09-04 15:04:02.114,2,2,TRACKING,1,1.5,14,0.25,0.7209879,564,52.0599654285714,20.7301555714286,49.6313467127253,39.995887542883,19.4182032449678,0,0
LB_pilot_3170,2026-09-04 15:04:02.114,2,2,TRACKING,1,1.5,14,0.25,0.7517302,562,52.1478005714286,20.3348974285714,49.7857431902729,39.8223866707286,19.6301184926394,0,0
LB_pilot_3170,2026-09-04 15:04:02.114,2,2,TRACKING,1,1.5,14,0.25,0.784108,559,52.2403085714286,19.9186114285714,50.0025068425863,39.5580556199979,19.7665253579319,0,0
LB_pilot_3170,2026-09-04 15:04:02.114,2,2,TRACKING,1,1.5,14,0.25,0.818915,556,52.3397571428571,19.4710928571429,50.2250711510862,39.2916707537458,19.9330681280906,0,0
LB_pilot_3170,2026-09-04 15:04:02.114,2,2,TRACKING,1,1.5,14,0.25,0.8531894,551,52.437684,19.030422,50.5633002049249,38.8384105649824,19.8964752054658,0,0
LB_pilot_3170,2026-09-04 15:04:02.114,2,2,TRACKING,1,1.5,14,0.25,0.8837796,546,52.5250845714286,18.6371194285714,50.8947008195987,38.3775398120679,19.8076335814098,0,0
LB_pilot_3170,2026-09-04 15:04:02.114,2,2,TRACKING,1,1.5,14,0.25,0.9213683,539,52.6324808571429,18.1538361428571,51.3454589657654,37.7196654872779,19.6081132005066,0,0
LB_pilot_3170,2026-09-04 15:04:02.114,2,2,TRACKING,1,1.5,14,0.25,0.9486889,532,52.7105397142857,17.8025712857143,51.7674982838344,37.0467715370612,19.2672927639948,0,0
LB_pilot_3170,2026-09-04 15:04:02.114,2,2,TRACKING,1,1.5,14,0.25,0.9873027,523,52.8208648571429,17.3061081428571,52.3027929049475,36.1622669658898,18.8632744799805,0,0
LB_pilot_3170,2026-09-04 15:04:02.114,2,2,TRACKING,1,1.5,14,0.25,1.0167088,512,52.9048822857143,16.9280297142857,52.8832384372947,35.0512138653309,18.1231970752644,0,0
LB_pilot_3170,2026-09-04 15:04:02.114,2,2,TRACKING,1,1.5,14,0.25,1.049636,503,52.99896,16.50468,53.3566360416312,34.1196326038108,17.6185835805622,0,0
LB_pilot_3170,2026-09-04 15:04:02.114,2,2,TRACKING,1,1.5,14,0.25,1.0809804,494,53.0885154285714,16.1016805714286,53.8022907975311,33.1680328808107,17.0812720962253,0,0
LB_pilot_3170,2026-09-04 15:04:02.114,2,2,TRACKING,1,1.5,14,0.25,1.1150578,487,53.1858794285714,15.6635425714286,54.1671258951441,32.4124358200966,16.7776121567832,0,0
LB_pilot_3170,2026-09-04 15:04:02.114,2,2,TRACKING,1,1.5,14,0.25,1.1485022,479,53.2814348571429,15.2335431428571,54.5494012390877,31.5347978306758,16.3504936666411,0,0
LB_pilot_3170,2026-09-04 15:04:02.114,2,2,TRACKING,1,1.5,14,0.25,1.1830148,473,53.3800422857143,14.7898097142857,54.8622732278446,30.8628775726955,16.1412675755919,0,0
LB_pilot_3170,2026-09-04 15:04:02.114,2,2,TRACKING,1,1.5,14,0.25,1.216417,466,53.4754771428571,14.3603528571429,55.189464824558,30.0694780988684,15.8023532941534,0,0
LB_pilot_3170,2026-09-04 15:04:02.114,2,2,TRACKING,1,1.5,14,0.25,1.2505013,462,53.5728608571429,13.9221261428571,55.4355168004261,29.6028970030083,15.7910120616639,0,0
LB_pilot_3170,2026-09-04 15:04:02.114,2,2,TRACKING,1,1.5,14,0.25,1.2895402,456,53.6844005714286,13.4201974285714,55.7485114358765,28.8996584237198,15.6164741974957,0,0
LB_pilot_3170,2026-09-04 15:04:02.114,2,2,TRACKING,1,1.5,14,0.25,1.3130513,450,53.7515751428571,13.1179118571429,55.9825909078201,28.1964141028317,15.2426592600096,0,0
LB_pilot_3170,2026-09-04 15:04:02.114,2,2,TRACKING,1,1.5,14,0.25,1.3516633,442,53.8618951428571,12.6214718571429,56.3112817733071,27.2408082376669,14.8231066606276,0,0
LB_pilot_3170,2026-09-04 15:04:02.114,2,2,TRACKING,1,1.5,14,0.25,1.3787546,435,53.9392988571429,12.2731551428571,56.549416147075,26.3984489240506,14.3644226014214,0,0
LB_pilot_3170,2026-09-04 15:04:02.114,2,2,TRACKING,1,1.5,14,0.25,1.4126226,429,54.0360645714286,11.8377094285714,56.7951297598537,25.6576295177382,14.0926446057841,0,0
LB_pilot_3170,2026-09-04 15:04:02.114,2,2,TRACKING,1,1.5,14,0.25,1.4449995,413,54.12857,11.421435,57.0755821203353,23.7155647881379,12.6424090934039,0,0
LB_pilot_3170,2026-09-04 15:04:02.114,2,2,TRACKING,1,1.5,14,0.25,1.4782764,405,54.2236468571429,10.9935891428571,57.2698647854005,22.7093385141179,12.1052974765858,0,0
LB_pilot_3170,2026-09-04 15:04:02.114,2,2,TRACKING,1,1.5,14,0.25,1.5120761,395,54.3202174285714,10.5590215714286,57.4315000161346,21.4500159439525,11.3266869720153,0,0
LB_pilot_3170,2026-09-04 15:04:02.114,2,2,TRACKING,1,1.5,14,0.25,1.5455062,386,54.415732,10.129206,57.5594522591374,20.30064960669,10.646184392156,0,0
LB_pilot_3170,2026-09-04 15:04:02.114,2,2,TRACKING,1,1.5,14,0.25,1.5766272,375,54.5046491428571,9.72907885714286,57.6067492573785,18.9041981840088,9.68534149024918,0,0
LB_pilot_3170,2026-09-04 15:04:02.114,2,2,TRACKING,1,1.5,14,0.25,1.6109416,365,54.6026902857143,9.28789371428571,57.641186702008,17.6139879886831,8.86319955422317,0,0
LB_pilot_3170,2026-09-04 15:04:02.114,2,2,TRACKING,1,1.5,14,0.25,1.6434034,356,54.6954382857143,8.87052771428571,57.6447514509781,16.442720022781,8.12628725209943,0,0
LB_pilot_3170,2026-09-04 15:04:02.114,2,2,TRACKING,1,1.5,14,0.25,1.6829561,347,54.808446,8.361993,57.6616163331921,15.2460027564783,7.45185690130298,0,0
LB_pilot_3170,2026-09-04 15:04:02.114,2,2,TRACKING,1,1.5,14,0.25,1.714481,340,54.8985171428571,7.95667285714286,57.6562107599673,14.3079698054148,6.92414955145961,0,0
LB_pilot_3170,2026-09-04 15:04:02.114,2,2,TRACKING,1,1.5,14,0.25,1.7412547,327,54.9750134285714,7.61243957142857,57.3579985583465,12.6652585997863,5.58655513371725,0,0
LB_pilot_3170,2026-09-04 15:04:02.114,2,2,TRACKING,1,1.5,14,0.25,1.7764328,316,55.0755222857143,7.16014971428571,57.1317676296028,11.2388433160632,4.56770034168659,0,0
LB_pilot_3170,2026-09-04 15:04:02.114,2,2,TRACKING,1,1.5,14,0.25,1.8090465,303,55.1687042857143,6.74083071428571,56.7214839527568,9.59668518990134,3.25069676842895,0,0
LB_pilot_3170,2026-09-04 15:04:02.114,2,2,TRACKING,1,1.5,14,0.25,1.8401758,296,55.2576451428571,6.34059685714286,56.5699635576252,8.66089684587581,2.66570284530245,0,0
LB_pilot_3170,2026-09-04 15:04:02.114,2,2,TRACKING,1,1.5,14,0.25,1.8750297,279,55.3572277142857,5.89247528571428,55.7895095557943,6.58918076790577,0.819918361432221,1,1
LB_pilot_3170,2026-09-04 15:04:02.114,2,2,TRACKING,1,1.5,14,0.25,1.9320909,261,55.5202597142857,5.15883128571428,54.9668201990249,4.34695707045394,0.982565539013394,1,1
LB_pilot_3170,2026-09-04 15:04:02.114,2,2,TRACKING,1,1.5,14,0.25,1.9392836,258,55.5408102857143,5.06635371428571,54.7962542934128,3.99076074994797,1.30815283916096,1,1
LB_pilot_3170,2026-09-04 15:04:02.114,2,2,TRACKING,1,1.5,14,0.25,1.9779008,241,55.6511451428571,4.56984685714286,53.7313129996457,2.02386108883518,3.18869863589102,0,0
LB_pilot_3170,2026-09-04 15:04:02.114,2,2,TRACKING,1,1.5,14,0.25,2.005814,238,55.7308971428571,4.21096285714285,53.6981426451096,1.55502996465729,3.34455832323188,0,0
LB_pilot_3170,2026-09-04 15:04:02.114,2,2,TRACKING,1,1.5,14,0.25,2.0481722,238,55.8519205714286,3.66635742857143,54.0373095615873,1.29544393486417,2.9856396151713,0,0
LB_pilot_3170,2026-09-04 15:04:02.114,2,2,TRACKING,1,1.5,14,0.25,2.0785689,239,55.9387682857143,3.27554271428571,54.3665794611831,1.21117274140358,2.59487978236338,0,0
LB_pilot_3170,2026-09-04 15:04:02.114,2,2,TRACKING,1,1.5,14,0.25,2.1058685,242,56.0167671428571,2.92454785714285,54.8396837812075,1.35577787561787,1.96126604396401,1,1
LB_pilot_3170,2026-09-04 15:04:02.114,2,2,TRACKING,1,1.5,14,0.25,2.1364784,245,56.104224,2.53099199999999,55.334431762354,1.48958173201496,1.29503491667396,1,1
LB_pilot_3170,2026-09-04 15:04:02.114,2,2,TRACKING,1,1.5,14,0.25,2.1709714,249,56.2027754285714,2.08751057142857,55.9357877657239,1.719003319843,0.455060442780914,1,1
LB_pilot_3170,2026-09-04 15:04:02.114,2,2,TRACKING,1,1.5,14,0.25,2.2039219,252,56.2969197142857,1.66386128571428,56.437245409583,1.86049484190961,0.241569981956952,1,1
LB_pilot_3170,2026-09-04 15:04:02.114,2,2,TRACKING,1,1.5,14,0.25,2.2460869,254,56.4173911428571,1.12173985714286,56.9293933550696,1.84648821475971,0.887359254856102,1,1
LB_pilot_3170,2026-09-04 15:04:02.114,2,2,TRACKING,1,1.5,14,0.25,2.2778081,256,56.5080231428571,0.713895857142866,57.3356285975712,1.89734236032375,1.44411786726829,1,1
LB_pilot_3170,2026-09-04 15:04:02.114,2,2,TRACKING,1,1.5,14,0.25,2.3018585,261,56.5767385714286,0.404676428571392,57.9007510225081,2.34695113081894,2.3506254464726,1,1
LB_pilot_3170,2026-09-04 15:04:02.114,2,2,TRACKING,1,1.5,14,0.25,2.3381838,264,56.6805251428571,0.0623631428573468,58.3482290582478,2.54688691376292,2.99233933864528,0,0
LB_pilot_3170,2026-09-04 15:04:02.114,2,2,TRACKING,1,1.5,14,0.25,2.3724731,271,56.7784945714286,0.503225571428587,58.7031638716829,3.47683162575077,3.54212999220006,0,0
LB_pilot_3170,2026-09-04 15:04:02.114,2,2,TRACKING,1,1.5,14,0.25,2.4012903,278,56.8608294285714,0.873732428571408,59.0591578206563,4.39794472621051,4.15363937267995,0,0
LB_pilot_3170,2026-09-04 15:04:02.114,2,2,TRACKING,1,1.5,14,0.25,2.4346387,285,56.9561105714286,1.30249757142855,59.3782110953291,5.33401716115396,4.70316076168132,0,0
LB_pilot_3170,2026-09-04 15:04:02.114,2,2,TRACKING,1,1.5,14,0.25,2.474291,288,57.0694028571429,1.81231285714284,59.4198703837274,5.78887288701327,4.61927778604962,0,0
LB_pilot_3170,2026-09-04 15:04:02.114,2,2,TRACKING,1,1.5,14,0.25,2.5145245,288,57.1843557142857,2.32960071428571,59.2784673024451,5.87245350649753,4.11547193538562,0,0
LB_pilot_3170,2026-09-04 15:04:02.114,2,2,TRACKING,1,1.5,14,0.25,2.5333653,288,57.2381865714286,2.57183957142856,59.2122501656357,5.91159317208912,3.87954651822853,0,0
LB_pilot_3170,2026-09-04 15:04:02.114,2,2,TRACKING,1,1.5,14,0.25,2.5711332,288,57.3460948571429,3.05742685714285,59.0795125854212,5.99005178191972,3.40661503110231,0,0
LB_pilot_3170,2026-09-04 15:04:02.114,2,2,TRACKING,1,1.5,14,0.25,2.6035493,288,57.4387122857143,3.47420528571428,58.9655842316077,6.05739262274301,3.00069904477973,0,0
LB_pilot_3170,2026-09-04 15:04:02.114,2,2,TRACKING,1,1.5,14,0.25,2.6329501,288,57.5227145714286,3.85221557142857,58.8622533329247,6.11846951332755,2.63254079222399,0,0
LB_pilot_3170,2026-09-04 15:04:02.114,2,2,TRACKING,1,1.5,14,0.25,2.6655301,285,57.6158002857143,4.27110128571428,58.5524491317109,5.83012748387052,1.81875609888853,1,1
LB_pilot_3170,2026-09-04 15:04:02.114,2,2,TRACKING,1,1.5,14,0.25,2.6986018,283,57.7102908571429,4.69630885714285,58.2998007545677,5.66699743656424,1.13567523411447,1,1
LB_pilot_3170,2026-09-04 15:04:02.114,2,2,TRACKING,1,1.5,14,0.25,2.7440568,280,57.8401622857143,5.28073028571428,57.9269182164341,5.42130254732426,0.165188232780701,1,1
LB_pilot_3170,2026-09-04 15:04:02.114,2,2,TRACKING,1,1.5,14,0.25,2.7688349,277,57.9109568571429,5.59930585714285,57.6209412782279,5.13683594511687,0.545882272603433,1,1
LB_pilot_3170,2026-09-04 15:04:02.114,2,2,TRACKING,1,1.5,14,0.25,2.8021716,276,58.0062045714286,6.02792057142856,57.4230342073495,5.10289105842519,1.09351144185479,1,1
LB_pilot_3170,2026-09-04 15:04:02.114,2,2,TRACKING,1,1.5,14,0.25,2.839093,275,58.1116942857143,6.50262428571429,57.2097668049678,5.07952565594626,1.68483912898926,1,1
LB_pilot_3170,2026-09-04 15:04:02.114,2,2,TRACKING,1,1.5,14,0.25,2.8640248,275,58.182928,6.823176,57.115647416824,5.13917637927793,1.99372580005793,1,1
LB_pilot_3170,2026-09-04 15:04:02.114,2,2,TRACKING,1,1.5,14,0.25,2.9011307,275,58.2889448571429,7.30025185714286,56.9755699011802,5.22795431648556,2.45344061920483,1,1
LB_pilot_3170,2026-09-04 15:04:02.114,2,2,TRACKING,1,1.5,14,0.25,2.9307519,275,58.3735768571429,7.68109585714285,56.8637476813611,5.29882469110563,2.82042550842498,0,0
LB_pilot_3170,2026-09-04 15:04:02.114,2,2,TRACKING,1,1.5,14,0.25,2.9635152,276,58.4671862857143,8.10233828571428,56.8170705019376,5.48491138289724,3.09415670118037,0,0
LB_pilot_3170,2026-09-04 15:04:02.114,2,2,TRACKING,1,1.5,14,0.25,2.9956108,278,58.558888,8.51499599999999,56.8502463385615,5.77581655020484,3.22839904370315,0,0
LB_pilot_3170,2026-09-04 15:04:02.114,2,2,TRACKING,1,1.5,14,0.25,3.0372123,282,58.6777494285714,9.04987242857143,57.0001743157477,6.30238543606182,3.21915253338125,0,0
LB_pilot_3170,2026-09-04 15:04:02.114,2,2,TRACKING,1,1.5,14,0.25,3.0632084,286,58.752024,9.384108,57.2040090128782,6.7934828278722,3.01789482633441,0,0
LB_pilot_3170,2026-09-04 15:04:02.114,2,2,TRACKING,1,1.5,14,0.25,3.0961835,288,58.8462385714286,9.80807357142857,57.2341913916854,7.08078535802911,3.1680904514653,0,0
LB_pilot_3170,2026-09-04 15:04:02.114,2,2,TRACKING,1,1.5,14,0.25,3.1582021,291,59.0234345714286,10.6054555714286,57.2373717595321,7.53372773656848,3.55324249939315,0,0
LB_pilot_3170,2026-09-04 15:04:02.114,2,2,TRACKING,1,1.5,14,0.25,3.2444597,292,59.2698848571429,11.7144818571429,57.0141445162038,7.81357529992156,4.50615539611229,0,0
LB_pilot_3170,2026-09-04 15:04:02.114,2,2,TRACKING,1,1.5,14,0.25,3.2564491,291,59.3041402857143,11.8686312857143,56.8982527995798,7.73090919135303,4.78633876006535,0,0
LB_pilot_3170,2026-09-04 15:04:02.114,2,2,TRACKING,1,1.5,14,0.25,3.2826543,297,59.3790122857143,12.2055552857143,57.252070291181,8.42387484690018,4.33877738417385,0,0
LB_pilot_3170,2026-09-04 15:04:02.114,2,2,TRACKING,1,1.5,14,0.25,3.3163851,301,59.475386,12.639237,57.4288564029452,8.91775657376296,4.24708134540496,0,0
LB_pilot_3170,2026-09-04 15:04:02.114,2,2,TRACKING,1,1.5,14,0.25,3.3486863,311,59.5676751428571,13.0545381428571,58.0174186766484,10.0687541853472,3.36425340186288,0,0
LB_pilot_3170,2026-09-04 15:04:02.114,2,2,TRACKING,1,1.5,14,0.25,3.3811945,314,59.6605557142857,13.4725007142857,58.1195766834995,10.4518546499061,3.39100560594859,0,0
LB_pilot_3170,2026-09-04 15:04:02.114,2,2,TRACKING,1,1.5,14,0.25,3.4281972,314,59.7948491428571,14.0768211428571,57.9815090979308,10.5222896660113,3.99035037790185,0,0
LB_pilot_3170,2026-09-04 15:04:02.114,2,2,TRACKING,1,1.5,14,0.25,3.4601964,315,59.8862754285714,14.4882394285714,57.9549606522489,10.6800092006216,4.26996419590524,0,0
LB_pilot_3170,2026-09-04 15:04:02.114,2,2,TRACKING,1,1.5,14,0.25,3.4895075,317,59.9700214285714,14.8650964285714,58.0042626686774,10.9426094970902,4.38749486948317,0,0
LB_pilot_3170,2026-09-04 15:04:02.114,2,2,TRACKING,1,1.5,14,0.25,3.5154431,320,60.0441231428571,15.1985541428571,58.1299104947214,11.309599847832,4.33453291267672,0,0
LB_pilot_3170,2026-09-04 15:04:02.114,2,2,TRACKING,1,1.5,14,0.25,3.5537308,322,60.1535165714286,15.6908245714286,58.1554680186736,11.5821268089545,4.5687629969747,0,0
LB_pilot_3170,2026-09-04 15:04:02.114,2,2,TRACKING,1,1.5,14,0.25,3.5825751,325,60.2359288571429,16.0616798571429,58.2732494852983,11.9510791267371,4.55512334426595,0,0
LB_pilot_3170,2026-09-04 15:04:02.114,2,2,TRACKING,1,1.5,14,0.25,3.6131389,330,60.323254,16.454643,58.5130858419671,12.5440210860898,4.30925428745056,0,0
LB_pilot_3170,2026-09-04 15:04:02.114,2,2,TRACKING,1,1.5,14,0.25,3.6840701,334,60.5259145714286,17.3666155714286,58.5871322066174,13.0709496194505,4.71292085962481,0,0
LB_pilot_3170,2026-09-04 15:04:02.114,2,2,TRACKING,1,1.5,14,0.25,3.7656921,335,60.7591202857143,18.4160412857143,58.4518364835148,13.2711661313089,5.63855468168126,0,0
LB_pilot_3170,2026-09-04 15:04:02.114,2,2,TRACKING,1,1.5,14,0.25,3.7789997,336,60.797142,18.587139,58.4838740924647,13.3957453661188,5.68346516431088,0,0
LB_pilot_3170,2026-09-04 15:04:02.114,2,2,TRACKING,1,1.5,14,0.25,3.8109917,342,60.8885477142857,18.9984647142857,58.786658670811,14.0935581708436,5.33629513342172,0,0
LB_pilot_3170,2026-09-04 15:04:02.114,2,2,TRACKING,1,1.5,14,0.25,3.8456058,346,60.9874451428571,19.4435031428571,58.9550569117487,14.5727662312024,5.27775330841681,0,0
LB_pilot_3170,2026-09-04 15:04:02.114,2,2,TRACKING,1,1.5,14,0.25,3.876868,354,61.0767657142857,19.8454457142857,59.3611322633673,15.5021214215648,4.66988908322774,0,0
LB_pilot_3170,2026-09-04 15:04:02.114,2,2,TRACKING,1,1.5,14,0.25,3.9105621,359,61.1730345714286,20.2786555714286,59.5788826348764,16.0974142870504,4.47482950233876,0,0
LB_pilot_3170,2026-09-04 15:04:02.114,2,2,TRACKING,1,1.5,14,0.25,3.9549106,368,61.2997445714286,20.8488505714286,59.9846983393582,17.1635727753512,3.91287861129676,0,0
LB_pilot_3170,2026-09-04 15:04:02.114,2,2,TRACKING,1,1.5,14,0.25,3.9782388,375,61.3663965714286,21.1487845714286,60.2996729016142,17.993722968638,3.33051243882164,0,0
LB_pilot_3170,2026-09-04 15:04:02.114,2,2,TRACKING,1,1.5,14,0.25,4.0134029,378,61.4668654285714,21.6008944285714,60.3976146007757,18.3620520390382,3.41077665011636,0,0
LB_pilot_3170,2026-09-04 15:04:02.114,2,2,TRACKING,1,1.5,14,0.25,4.0521436,385,61.5775531428571,22.0989891428571,60.6754795995535,19.2048688579497,3.03144666801864,0,0
LB_pilot_3170,2026-09-04 15:04:02.114,2,2,TRACKING,1,1.5,14,0.25,4.0803206,390,61.6580588571429,22.4612648571429,60.8661419882747,19.8094931717031,2.76749442617293,0,0
LB_pilot_3170,2026-09-04 15:04:02.114,2,2,TRACKING,1,1.5,14,0.25,4.1083979,393,61.7382797142857,22.8222587142857,60.9685752118783,20.1758510257261,2.75606942494083,0,0
LB_pilot_3170,2026-09-04 15:04:02.114,2,2,TRACKING,1,1.5,14,0.25,4.1455781,399,61.8445088571429,23.3002898571429,61.1849898181107,20.9052507719172,2.48418549681872,1,1
LB_pilot_3170,2026-09-04 15:04:02.114,2,2,TRACKING,1,1.5,14,0.25,4.1731974,406,61.9234211428571,23.6553951428571,61.4347834493535,21.7574935588719,1.95979519797513,1,1
LB_pilot_3170,2026-09-04 15:04:02.114,2,2,TRACKING,1,1.5,14,0.25,4.222413,412,62.0640371428571,24.2881671428571,61.6293081951137,22.4935174669704,1.84655265756671,1,1
LB_pilot_3170,2026-09-04 15:04:02.114,2,2,TRACKING,1,1.5,14,0.25,4.2398315,417,62.1138042857143,24.5121192857143,61.7912080710639,23.1072583866029,1.4414237626593,1,1
LB_pilot_3170,2026-09-04 15:04:02.114,2,2,TRACKING,1,1.5,14,0.25,4.2836361,422,62.2389602857143,25.0753212857143,61.9454211916034,23.7231674901773,1.38364919201242,1,1
LB_pilot_3170,2026-09-04 15:04:02.114,2,2,TRACKING,1,1.5,14,0.25,4.3065983,424,62.3045665714286,25.3705495714286,62.0074325813042,23.9695885928563,1.43212439109509,1,1
LB_pilot_3170,2026-09-04 15:04:02.114,2,2,TRACKING,1,1.5,14,0.25,4.3439109,426,62.411174,25.850283,62.0725904062953,24.2154510819276,1.66952515712529,1,1
LB_pilot_3170,2026-09-04 15:04:02.114,2,2,TRACKING,1,1.5,14,0.25,4.3726832,428,62.4933805714286,26.2202125714286,62.1378782457185,24.4614231912079,1.79435837768331,1,1
LB_pilot_3170,2026-09-04 15:04:02.114,2,2,TRACKING,1,1.5,14,0.25,4.4096404,430,62.5989725714286,26.6953765714286,62.2069031728873,24.7068071030752,2.0268514853683,1,1
LB_pilot_3170,2026-09-04 15:04:02.114,2,2,TRACKING,1,1.5,14,0.25,4.4418314,433,62.6909468571429,27.1092608571429,62.3052272759679,25.0762450768816,2.06928315077788,1,1
LB_pilot_3170,2026-09-04 15:04:02.114,2,2,TRACKING,1,1.5,14,0.25,4.4732526,436,62.7807217142857,27.5132477142857,62.4038393548095,25.44603459541,2.10128779364853,1,1
LB_pilot_3170,2026-09-04 15:04:02.114,2,2,TRACKING,1,1.5,14,0.25,4.5028122,437,62.8651777142857,27.8932997142857,62.4468999659503,25.5675624736563,2.36305099124058,1,1
LB_pilot_3170,2026-09-04 15:04:02.114,2,2,TRACKING,1,1.5,14,0.25,4.539046,438,62.9687028571429,28.3591628571429,62.4949396123635,25.6883084073566,2.71254771461204,0,0
LB_pilot_3170,2026-09-04 15:04:02.114,2,2,TRACKING,1,1.5,14,0.25,4.5803536,438,63.0867245714286,28.8902605714286,62.5180273589144,25.6842130416501,3.25609540442534,0,0
LB_pilot_3170,2026-09-04 15:04:02.114,2,2,TRACKING,1,1.5,14,0.25,4.6028531,439,63.1510088571429,29.1795398571429,62.560916889265,25.8060438087202,3.42471664802757,0,0
LB_pilot_3170,2026-09-04 15:04:02.114,2,2,TRACKING,1,1.5,14,0.25,4.6386292,440,63.2532262857143,29.6395182857143,62.6128666324638,25.9264150972442,3.76791663572025,0,0
LB_pilot_3170,2026-09-04 15:04:02.114,2,2,TRACKING,1,1.5,14,0.25,4.6693798,441,63.3410851428571,30.0348831428571,62.6631778911545,26.0472138674454,4.04488127044215,0,0
LB_pilot_3170,2026-09-04 15:04:02.114,2,2,TRACKING,1,1.5,14,0.25,4.704489,442,63.4413971428571,30.4862871428571,62.7177976953452,26.1674329462885,4.37905214991309,0,0
LB_pilot_3170,2026-09-04 15:04:02.114,2,2,TRACKING,1,1.5,14,0.25,4.7348488,443,63.5281394285714,30.8766274285714,62.7706228808137,26.2881129347303,4.6506232464388,0,0
LB_pilot_3170,2026-09-04 15:04:02.114,2,2,TRACKING,1,1.5,14,0.25,4.769428,445,63.6269371428571,31.3212171428571,62.8598621858592,26.5325743726154,4.84969107991856,0,0
LB_pilot_3170,2026-09-04 15:04:02.114,2,2,TRACKING,1,1.5,14,0.25,4.8103771,448,63.7439345714286,31.8477055714286,62.9878639884887,26.9010615690943,5.00409128735845,0,0
LB_pilot_3170,2026-09-04 15:04:02.114,2,2,TRACKING,1,1.5,14,0.25,4.834005,449,63.8114428571429,32.1514928571429,63.0400611148511,27.0226835576871,5.1864934804283,0,0
LB_pilot_3170,2026-09-04 15:04:02.114,2,2,TRACKING,1,1.5,14,0.25,4.8676263,455,63.9075037142857,32.5837667142857,63.2538185643488,27.7693609457527,4.8585807783068,0,0
LB_pilot_3170,2026-09-04 15:04:02.114,2,2,TRACKING,1,1.5,14,0.25,4.8993335,457,63.9980957142857,32.9914307142857,63.3467526340522,28.0161145489787,5.017770296948,0,0
LB_pilot_3170,2026-09-04 15:04:02.114,2,2,TRACKING,1,1.5,14,0.25,4.9409007,462,64.1168591428571,33.5258661428571,63.5365587457209,28.6406066882805,4.91960450538935,0,0
LB_pilot_3170,2026-09-04 15:04:02.114,2,2,TRACKING,1,1.5,14,0.25,4.9664474,468,64.1898497142857,33.8543237142857,63.7251334764745,29.3977398781275,4.48074778026968,0,0
LB_pilot_3170,2026-09-04 15:04:02.114,2,2,TRACKING,1,1.5,14,0.25,5.001944,473,64.2912685714286,34.3107085714286,63.8964865830249,30.0297578042221,4.29911529150047,0,0
LB_pilot_3170,2026-09-04 15:04:02.114,2,2,TRACKING,1,1.5,14,0.25,5.0347416,477,64.384976,34.732392,64.0384656894321,30.5369017111955,4.20977530977401,0,0
LB_pilot_3170,2026-09-04 15:04:02.114,2,2,TRACKING,1,1.5,14,0.25,5.0640186,479,64.4686245714286,35.1088105714286,64.1326448155994,30.7893809337736,4.33247675019485,0,0
LB_pilot_3170,2026-09-04 15:04:02.114,2,2,TRACKING,1,1.5,14,0.25,5.1007713,484,64.5736322857143,35.5813452857143,64.3004401821424,31.4281680068022,4.16215274053293,0,0
LB_pilot_3170,2026-09-04 15:04:02.114,2,2,TRACKING,1,1.5,14,0.25,5.1305781,488,64.6587945714286,35.9645755714286,64.432738259712,31.9414594142911,4.02946213158619,0,0
LB_pilot_3170,2026-09-04 15:04:02.114,2,2,TRACKING,1,1.5,14,0.25,5.1637091,494,64.7534545714286,36.3905455714286,64.5997905803395,32.716443153164,3.67731440076245,0,0
LB_pilot_3170,2026-09-04 15:04:02.114,2,2,TRACKING,1,1.5,14,0.25,5.1968853,498,64.8482437142857,36.8170967142857,64.7326834244933,33.2345279991577,3.58443200231091,0,0
LB_pilot_3170,2026-09-04 15:04:02.114,2,2,TRACKING,1,1.5,14,0.25,5.2373211,503,64.9637745714286,37.3369855714286,64.893688646346,33.8853698498564,3.45232720440852,0,0
LB_pilot_3170,2026-09-04 15:04:02.114,2,2,TRACKING,1,1.5,14,0.25,5.2769624,506,65.0770354285714,37.8466594285714,65.030138961532,34.2770337017209,3.56993376807101,0,0
LB_pilot_3170,2026-09-04 15:04:02.114,2,2,TRACKING,1,1.5,14,0.25,5.3047975,509,65.1565642857143,38.2045392857143,65.1354627655532,34.6707650253218,3.53383726246208,0,0
LB_pilot_3170,2026-09-04 15:04:02.114,2,2,TRACKING,1,1.5,14,0.25,5.3318172,512,65.2337634285714,38.5519354285714,65.2379265897873,35.0659686123674,3.48596930215784,0,0
LB_pilot_3170,2026-09-04 15:04:02.114,2,2,TRACKING,1,1.5,14,0.25,5.3636236,514,65.3246388571429,38.9608748571429,65.3463172519066,35.3304940676103,3.63044551395648,0,0
LB_pilot_3170,2026-09-04 15:04:02.114,2,2,TRACKING,1,1.5,14,0.25,5.3982028,517,65.4234365714286,39.4054645714286,65.4717396983905,35.7287678909348,3.67701396141328,0,0
LB_pilot_3170,2026-09-04 15:04:02.114,2,2,TRACKING,1,1.5,14,0.25,5.4295015,521,65.5128614285714,39.8078764285714,65.5933418387065,36.2616843081219,3.54710524957379,0,0
LB_pilot_3170,2026-09-04 15:04:02.114,2,2,TRACKING,1,1.5,14,0.25,5.4612961,525,65.6037031428571,40.2166641428571,65.7140046828542,36.7971257604804,3.42131687779336,0,0
LB_pilot_3170,2026-09-04 15:04:02.114,2,2,TRACKING,1,1.5,14,0.25,5.5003733,532,65.7153522857143,40.7190852857143,65.8614650476458,37.7374312893026,2.98523189945393,0,0
LB_pilot_3170,2026-09-04 15:04:02.114,2,2,TRACKING,1,1.5,14,0.25,5.5264279,536,65.789794,41.054073,65.9524314307995,38.2780151394174,2.78081789752573,0,0
LB_pilot_3170,2026-09-04 15:04:02.114,2,2,TRACKING,1,1.5,14,0.25,5.5619055,539,65.8911585714286,41.5102135714286,66.0767566370199,38.6886764224933,2.82763479338707,0,0
LB_pilot_3170,2026-09-04 15:04:02.114,2,2,TRACKING,1,1.5,14,0.25,5.5932009,542,65.980574,41.912583,66.1858052761948,39.1003927436775,2.81966911436145,0,0
LB_pilot_3170,2026-09-04 15:04:02.114,2,2,TRACKING,1,1.5,14,0.25,5.6266587,543,66.0761677142857,42.3427547142857,66.3097037486716,39.2446720349752,3.10687228047764,0,0
LB_pilot_3170,2026-09-04 15:04:02.114,2,2,TRACKING,1,1.5,14,0.25,5.667109,546,66.19174,42.86283,66.4560367381137,39.6627682289624,3.21095750582807,0,0
LB_pilot_3170,2026-09-04 15:04:02.114,2,2,TRACKING,1,1.5,14,0.25,5.6922804,549,66.2636582857143,43.1864622857143,66.5428193788611,40.07810977571,3.12086306049735,0,0
LB_pilot_3170,2026-09-04 15:04:02.114,2,2,TRACKING,1,1.5,14,0.25,5.7267069,551,66.3620197142857,43.6290887142857,66.6711146760403,40.3626555088689,3.28102508079894,0,0
LB_pilot_3170,2026-09-04 15:04:02.114,2,2,TRACKING,1,1.5,14,0.25,5.7578781,554,66.4510802857143,44.0298612857143,66.7817193366439,40.7839243064309,3.2627333718033,0,0
LB_pilot_3170,2026-09-04 15:04:02.114,2,2,TRACKING,1,1.5,14,0.25,5.7925242,558,66.5500691428571,44.4753111428571,66.8991009407152,41.3456931380428,3.14902080843776,0,0
LB_pilot_3170,2026-09-04 15:04:02.114,2,2,TRACKING,1,1.5,14,0.25,5.8242917,561,66.6408334285714,44.8837504285714,67.0104605454238,41.7720441878345,3.13358260369086,0,0
LB_pilot_3170,2026-09-04 15:04:02.114,2,2,TRACKING,1,1.5,14,0.25,5.8565868,567,66.7331051428571,45.2989731428571,67.091287194211,42.6128455764591,2.7099032611655,0,0
LB_pilot_3170,2026-09-04 15:04:02.114,2,2,TRACKING,1,1.5,14,0.25,5.8924345,571,66.8355271428571,45.7598721428571,67.2039663438031,43.1848475641517,2.60124951239415,0,0
LB_pilot_3170,2026-09-04 15:04:02.114,2,2,TRACKING,1,1.5,14,0.25,5.9311791,577,66.946226,46.258017,67.2964385256408,44.0377921902309,2.24767591503534,1,1
LB_pilot_3170,2026-09-04 15:04:02.114,2,2,TRACKING,1,1.5,14,0.25,5.9633741,581,67.0382117142857,46.6719527142857,67.3829779052924,44.6141914542628,2.08644317672741,1,1
LB_pilot_3170,2026-09-04 15:04:02.114,2,2,TRACKING,1,1.5,14,0.25,5.9883851,585,67.1096717142857,46.9935227142857,67.4300991829994,45.1871032841624,1.83461846721147,1,1
LB_pilot_3170,2026-09-04 15:04:02.114,2,2,TRACKING,1,1.5,14,0.25,6.0293185,589,67.2266242857143,47.5198092857143,67.552964434044,45.7770456842066,1.77305467009671,1,1
LB_pilot_3170,2026-09-04 15:04:02.114,2,2,TRACKING,1,1.5,14,0.25,6.054366,593,67.2981885714286,47.8418485714286,67.5913765718778,46.3548039095648,1.51567180813818,1,1
LB_pilot_3170,2026-09-04 15:04:02.114,2,2,TRACKING,1,1.5,14,0.25,6.088793,596,67.3965514285714,48.2844814285714,67.6990391957604,46.8061644328588,1.50894664886196,1,1
LB_pilot_3170,2026-09-04 15:04:02.114,2,2,TRACKING,1,1.5,14,0.25,6.1197145,599,67.4848985714286,48.6820435714286,67.7872931723798,47.2562792693158,1.45747944749267,1,1
LB_pilot_3170,2026-09-04 15:04:02.114,2,2,TRACKING,1,1.5,14,0.25,6.156521,603,67.59006,49.15527,67.8789009625035,47.8547553666334,1.33220396832484,1,1
LB_pilot_3170,2026-09-04 15:04:02.114,2,2,TRACKING,1,1.5,14,0.25,6.1868463,609,67.6767037142857,49.5451667142857,67.8709734532674,48.7261009854762,0.841789403351135,1,1
LB_pilot_3170,2026-09-04 15:04:02.114,2,2,TRACKING,1,1.5,14,0.25,6.2307937,614,67.8022677142857,50.1102047142857,67.9596229322554,49.4803693214528,0.649194336610599,1,1
LB_pilot_3170,2026-09-04 15:04:02.114,2,2,TRACKING,1,1.5,14,0.25,6.2589068,618,67.8825908571429,50.4716588571428,67.9852640603119,50.0767778788928,0.40801075185921,1,1
LB_pilot_3170,2026-09-04 15:04:02.114,2,2,TRACKING,1,1.5,14,0.25,6.2956739,621,67.9876397142857,50.9443787142857,68.0931814673912,50.5500879399028,0.408171871167144,1,1
LB_pilot_3170,2026-09-04 15:04:02.114,2,2,TRACKING,1,1.5,14,0.25,6.3215461,624,68.0615602857143,51.2770212857143,68.135450553452,51.0086892607446,0.278319685417062,1,1
LB_pilot_3170,2026-09-04 15:04:02.114,2,2,TRACKING,1,1.5,14,0.25,6.3546696,625,68.1561988571429,51.7028948571429,68.2952534385052,51.2025907905212,0.5192690397819,1,1
LB_pilot_3170,2026-09-04 15:04:02.114,2,2,TRACKING,1,1.5,14,0.25,6.3954676,626,68.2727645714286,52.2274405714286,68.5018863878169,51.4106503667913,0.848317773677083,1,1
LB_pilot_3170,2026-09-04 15:04:02.114,2,2,TRACKING,1,1.5,14,0.25,6.4178649,626,68.3367568571429,52.5154058571428,68.6360964241563,51.4482982806975,1.10829723273442,1,1
LB_pilot_3170,2026-09-04 15:04:02.114,2,2,TRACKING,1,1.5,14,0.25,6.4580615,626,68.4516042857143,53.0322192857143,68.8769641692291,51.5158652702955,1.57488429117203,1,1
LB_pilot_3170,2026-09-04 15:04:02.114,2,2,TRACKING,1,1.5,14,0.25,6.4857512,626,68.5307177142857,53.3882297142857,69.0428875458515,51.5624092484397,1.89629594469544,1,1
LB_pilot_3170,2026-09-04 15:04:02.114,2,2,TRACKING,1,1.5,14,0.25,6.5548389,626,68.7281111428571,54.2765001428571,69.4568777467955,51.6785396651229,2.69824005731238,0,0
LB_pilot_3170,2026-09-04 15:04:02.114,2,2,TRACKING,1,1.5,14,0.25,6.6358592,626,68.9595977142857,55.3181897142857,69.9423709717479,51.8147277448939,3.63869331581512,0,0
LB_pilot_3170,2026-09-04 15:04:02.114,2,2,TRACKING,1,1.5,14,0.25,6.6498397,626,68.999542,55.497939,70.0261455076537,51.8382277498215,3.80097371690594,0,0
LB_pilot_3170,2026-09-04 15:04:02.114,2,2,TRACKING,1,1.5,14,0.25,6.6814887,626,69.0899677142857,55.9048547142857,70.2157939670709,51.8914269670137,4.16834344002905,0,0
LB_pilot_3170,2026-09-04 15:04:02.114,2,2,TRACKING,1,1.5,14,0.25,6.715343,626,69.1866942857143,56.3401242857143,70.4186571172383,51.9483331017601,4.56131145852973,0,0
LB_pilot_3170,2026-09-04 15:04:02.114,2,2,TRACKING,1,1.5,14,0.25,6.747894,626,69.2796971428571,56.7586371428571,70.6137105787217,52.0030485025254,4.93915125938854,0,0
LB_pilot_3170,2026-09-04 15:04:02.114,2,2,TRACKING,1,1.5,14,0.25,6.7811714,625,69.3747754285714,57.1864894285714,70.8412601869703,51.9102282577603,5.47626784308669,0,0
LB_pilot_3170,2026-09-04 15:04:02.114,2,2,TRACKING,1,1.5,14,0.25,6.8269993,625,69.5057122857143,57.7757052857143,71.1148302930472,51.9862643708198,6.00890063726944,0,0
LB_pilot_3170,2026-09-04 15:04:02.114,2,2,TRACKING,1,1.5,14,0.25,6.8517551,625,69.5764431428571,58.0939941428571,71.2626102880288,52.0273383630315,6.29662385666698,0,0
LB_pilot_3170,2026-09-04 15:04:02.114,2,2,TRACKING,1,1.5,14,0.25,6.8802095,625,69.6577414285714,58.4598364285714,71.4324691125954,52.0745489481869,6.62733389528525,0,0
LB_pilot_3170,2026-09-04 15:04:02.114,2,2,TRACKING,1,1.5,14,0.25,6.9129723,625,69.7513494285714,58.8810724285714,71.6280469739282,52.1289078859725,7.00811812736331,0,0
LB_pilot_3170,2026-09-04 15:04:02.114,2,2,TRACKING,1,1.5,14,0.25,6.953458,625,69.8670228571429,59.4016028571428,71.8697267638291,52.1960804001504,7.47866143210656,0,0
LB_pilot_3170,2026-09-04 15:04:02.114,2,2,TRACKING,1,1.5,14,0.25,6.9868123,625,69.9623208571429,59.8304438571429,72.0688355903108,52.2514207348771,7.86632034746191,0,0
LB_pilot_3170,2026-09-04 15:04:02.114,2,2,TRACKING,1,1.5,14,0.25,7.0142304,625,70.0406582857143,59.8170377142856,72.1380964614936,52.2706711109777,7.83242592130547,0,0
LB_pilot_3170,2026-09-04 15:04:02.114,2,2,TRACKING,1,1.5,14,0.25,7.043092,628,70.12312,59.44596,72.0433512245377,52.7242216583972,6.9906404777146,0,0
LB_pilot_3170,2026-09-04 15:04:02.114,2,2,TRACKING,1,1.5,14,0.25,7.079519,632,70.2271971428571,58.9776128571429,71.9006149063421,53.3248849497738,5.89522347378761,0,0
LB_pilot_3170,2026-09-04 15:04:02.114,2,2,TRACKING,1,1.5,14,0.25,7.1097338,635,70.3135251428571,58.5891368571429,71.7775211862848,53.7709426893721,5.03570049283239,0,0
LB_pilot_3170,2026-09-04 15:04:02.114,2,2,TRACKING,1,1.5,14,0.25,7.1447114,638,70.4134611428571,58.1394248571428,71.6376253182027,54.2119420058562,4.11384242227989,0,0
LB_pilot_3170,2026-09-04 15:04:02.114,2,2,TRACKING,1,1.5,14,0.25,7.1767334,640,70.5049525714286,57.7277134285714,71.5277402796003,54.5006511047847,3.38526600691747,0,0
LB_pilot_3170,2026-09-04 15:04:02.114,2,2,TRACKING,1,1.5,14,0.25,7.2101722,641,70.600492,57.297786,71.4505388924856,54.6378255299666,2.79248445323596,0,0
LB_pilot_3170,2026-09-04 15:04:02.114,2,2,TRACKING,1,1.5,14,0.25,7.2434766,644,70.6956474285714,56.8695865714286,71.2849797141494,55.0700265632371,1.89360206112758,1,1
LB_pilot_3170,2026-09-04 15:04:02.114,2,2,TRACKING,1,1.5,14,0.25,7.2771355,644,70.7918157142857,56.4368292857143,71.2438380185583,55.0565531978673,1.45240705115409,1,1
LB_pilot_3170,2026-09-04 15:04:02.114,2,2,TRACKING,1,1.5,14,0.25,7.3163542,647,70.9038691428571,55.9325888571429,71.0555336877003,55.4804523731341,0.476895726898777,1,1
LB_pilot_3170,2026-09-04 15:04:02.114,2,2,TRACKING,1,1.5,14,0.25,7.3415872,649,70.9759634285714,55.6081645714286,70.9240057209226,55.7606392443321,0.161084230330439,1,1
LB_pilot_3170,2026-09-04 15:04:02.114,2,2,TRACKING,1,1.5,14,0.25,7.3753991,652,71.0725688571429,55.1734401428571,70.721979996615,56.1786257496863,1.06457064270194,1,1
LB_pilot_3170,2026-09-04 15:04:02.114,2,2,TRACKING,1,1.5,14,0.25,7.4085456,654,71.1672731428571,54.7472708571429,70.5646739189135,56.4488201820982,1.80510274775517,1,1
LB_pilot_3170,2026-09-04 15:04:02.114,2,2,TRACKING,1,1.5,14,0.25,7.4528955,658,71.2939871428571,54.1770578571429,70.2662196741286,56.9933484378739,2.99796574444921,0,0
LB_pilot_3170,2026-09-04 15:04:02.114,2,2,TRACKING,1,1.5,14,0.25,7.4793908,659,71.369688,53.836404,70.1629830596186,57.1186546611822,3.49704249559137,0,0
LB_pilot_3170,2026-09-04 15:04:02.114,2,2,TRACKING,1,1.5,14,0.25,7.5180061,659,71.4800174285714,53.3399215714286,70.099379750261,57.0952711857718,4.00110123899889,0,0
LB_pilot_3170,2026-09-04 15:04:02.114,2,2,TRACKING,1,1.5,14,0.25,7.5408932,659,71.5454091428571,53.0456588571429,70.0616823789704,57.0814119139271,4.29985439814157,0,0
LB_pilot_3170,2026-09-04 15:04:02.114,2,2,TRACKING,1,1.5,14,0.25,7.5814349,656,71.6612425714286,52.5244084285714,70.1824324400873,56.637553278059,4.37090836753916,0,0
LB_pilot_3170,2026-09-04 15:04:02.114,2,2,TRACKING,1,1.5,14,0.25,7.6096188,647,71.741768,52.162044,70.6718176193534,55.3517387547619,3.3643641963381,0,0
LB_pilot_3170,2026-09-04 15:04:02.114,2,2,TRACKING,1,1.5,14,0.25,7.6432937,638,71.837982,51.729081,71.1148802135901,54.0490066464582,2.43000641945733,1,1
LB_pilot_3170,2026-09-04 15:04:02.114,2,2,TRACKING,1,1.5,14,0.25,7.6721771,627,71.920506,51.357723,71.6134571268523,52.4423445392091,1.12724571137689,1,1
LB_pilot_3170,2026-09-04 15:04:02.114,2,2,TRACKING,1,1.5,14,0.25,7.705878,619,72.0167942857143,50.9244257142857,71.9286543644047,51.2601174302831,0.34706998417855,1,1
LB_pilot_3170,2026-09-04 15:04:02.114,2,2,TRACKING,1,1.5,14,0.25,7.739859,609,72.1138828571429,50.4875271428571,72.2834361702466,49.7726689837978,0.73469076049601,1,1
LB_pilot_3170,2026-09-04 15:04:02.114,2,2,TRACKING,1,1.5,14,0.25,7.7716451,604,72.2047002857143,50.0788487142857,72.4414732801011,49.0246741622489,1.08043761367,1,1
LB_pilot_3170,2026-09-04 15:04:02.114,2,2,TRACKING,1,1.5,14,0.25,7.8041455,600,72.2975585714286,49.6609864285714,72.5627147707175,48.4253467071011,1.26376949294425,1,1
LB_pilot_3170,2026-09-04 15:04:02.114,2,2,TRACKING,1,1.5,14,0.25,7.8372095,597,72.3920271428571,49.2358778571429,72.6529938824393,47.9758145718668,1.28680345121891,1,1
LB_pilot_3170,2026-09-04 15:04:02.114,2,2,TRACKING,1,1.5,14,0.25,7.8692781,594,72.4836517142857,48.8235672857143,72.7426631941892,47.5262010728896,1.32296864547155,1,1
LB_pilot_3170,2026-09-04 15:04:02.114,2,2,TRACKING,1,1.5,14,0.25,7.9041788,592,72.583368,48.374844,72.8067723415189,47.2273053370569,1.16908275274191,1,1
LB_pilot_3170,2026-09-04 15:04:02.114,2,2,TRACKING,1,1.5,14,0.25,7.9359329,587,72.674094,47.966577,72.9458609009946,46.4759259018881,1.51522207770959,1,1
LB_pilot_3170,2026-09-04 15:04:02.114,2,2,TRACKING,1,1.5,14,0.25,7.9760037,583,72.788582,47.451381,73.0603821202501,45.8753574513512,1.59928907057593,1,1
LB_pilot_3170,2026-09-04 15:04:02.114,2,2,TRACKING,1,1.5,14,0.25,8.0083237,582,72.8809248571429,47.0358381428571,73.1033230958738,45.7276199149718,1.32698753135142,1,1
LB_pilot_3170,2026-09-04 15:04:02.114,2,2,TRACKING,1,1.5,14,0.25,8.0433845,581,72.9810985714286,46.5850564285714,73.1494350136696,45.5803285331756,1.01873220307057,1,1
LB_pilot_3170,2026-09-04 15:04:02.114,2,2,TRACKING,1,1.5,14,0.25,8.0736868,581,73.0676765714286,46.1954554285714,73.1701559241788,45.5838002038349,0.620180725020994,1,1
LB_pilot_3170,2026-09-04 15:04:02.114,2,2,TRACKING,1,1.5,14,0.25,8.104874,580,73.1567828571429,45.7944771428572,73.2159146645298,45.4362973036906,0.363028053778508,1,1
LB_pilot_3170,2026-09-04 15:04:02.114,2,2,TRACKING,1,1.5,14,0.25,8.1368562,579,73.2481605714286,45.3832774285714,73.2634954433795,45.2889885098048,0.0955277891502261,1,1
LB_pilot_3170,2026-09-04 15:04:02.114,2,2,TRACKING,1,1.5,14,0.25,8.1696843,578,73.3419551428571,44.9612018571429,73.3130134245746,45.141877224977,0.182978718978858,1,1
LB_pilot_3170,2026-09-04 15:04:02.114,2,2,TRACKING,1,1.5,14,0.25,8.221222,578,73.4892057142857,44.2985742857143,73.353091742875,45.1482972224088,0.860555682311091,1,1
LB_pilot_3170,2026-09-04 15:04:02.114,2,2,TRACKING,1,1.5,14,0.25,8.3282638,578,73.7950394285714,42.9223225714286,73.4363328524285,45.1616313075755,2.26785670260535,1,1
LB_pilot_3170,2026-09-04 15:04:02.114,2,2,TRACKING,1,1.5,14,0.25,8.3340434,577,73.8115525714286,42.8480134285714,73.470268312809,45.0116361510438,2.19037399326699,1,1
LB_pilot_3170,2026-09-04 15:04:02.114,2,2,TRACKING,1,1.5,14,0.25,8.3644207,575,73.8983448571429,42.4574481428571,73.5534663503087,44.7138395907713,2.28259579222789,1,1
LB_pilot_3170,2026-09-04 15:04:02.114,2,2,TRACKING,1,1.5,14,0.25,8.3973051,574,73.9923002857143,42.0346487142857,73.6113907981096,44.5672626136939,2.56109843645701,0,0
LB_pilot_3170,2026-09-04 15:04:02.114,2,2,TRACKING,1,1.5,14,0.25,8.4307793,572,74.0879408571429,41.6042661428572,73.7000754208237,44.2696401194412,2.69344723945773,0,0
LB_pilot_3170,2026-09-04 15:04:02.114,2,2,TRACKING,1,1.5,14,0.25,8.462579,572,74.1787971428571,41.1954128571429,73.7307850337365,44.2741089847923,3.11112273887135,0,0
LB_pilot_3170,2026-09-04 15:04:02.114,2,2,TRACKING,1,1.5,14,0.25,8.4953773,569,74.2725065714286,40.7737204285715,73.8508108814968,43.8248374493549,3.08012050566561,0,0
LB_pilot_3170,2026-09-04 15:04:02.114,2,2,TRACKING,1,1.5,14,0.25,8.537054,566,74.3915828571429,40.2378771428572,73.9807512678349,43.3760344512446,3.16493505256569,0,0
LB_pilot_3170,2026-09-04 15:04:02.114,2,2,TRACKING,1,1.5,14,0.25,8.5739901,563,74.4971145714286,39.7629844285714,74.1061045992482,42.9256451110451,3.18673993146751,0,0
LB_pilot_3170,2026-09-04 15:04:02.114,2,2,TRACKING,1,1.5,14,0.25,8.5958558,560,74.559588,39.481854,74.211646793719,42.4719528708998,3.01027479489573,0,0
LB_pilot_3170,2026-09-04 15:04:02.114,2,2,TRACKING,1,1.5,14,0.25,8.6353409,557,74.6724025714286,38.9741884285714,74.3400805304174,42.0200029455404,3.06389033921271,0,0
LB_pilot_3170,2026-09-04 15:04:02.114,2,2,TRACKING,1,1.5,14,0.25,8.6660007,554,74.760002,38.579991,74.4558772571017,41.5656327338275,3.00109120521447,0,0
LB_pilot_3170,2026-09-04 15:04:02.114,2,2,TRACKING,1,1.5,14,0.25,8.6933528,550,74.8381508571429,38.2283211428571,74.5866028254707,40.9560665081683,2.73931947574848,0,0
LB_pilot_3170,2026-09-04 15:04:02.114,2,2,TRACKING,1,1.5,14,0.25,8.7302867,547,74.9436762857143,37.7534567142857,74.7102181959401,40.5001377351034,2.7565847184154,0,0
LB_pilot_3170,2026-09-04 15:04:02.114,2,2,TRACKING,1,1.5,14,0.25,8.7690261,540,75.0543602857143,37.2553787142857,74.9064248791627,39.4252098860439,2.17486831749529,1,1
LB_pilot_3170,2026-09-04 15:04:02.114,2,2,TRACKING,1,1.5,14,0.25,8.796589,535,75.1331114285714,36.9009985714286,75.0345972321556,38.6542522288834,1.75601920099812,1,1
LB_pilot_3170,2026-09-04 15:04:02.114,2,2,TRACKING,1,1.5,14,0.25,8.8280281,532,75.2229374285714,36.4967815714286,75.1398597187056,38.1921090866964,1.69736186180224,1,1
LB_pilot_3170,2026-09-04 15:04:02.114,2,2,TRACKING,1,1.5,14,0.25,8.8590188,525,75.3114822857143,36.0983297142857,75.2789896860923,37.1056564619759,1.00785065641804,1,1
LB_pilot_3170,2026-09-04 15:04:02.114,2,2,TRACKING,1,1.5,14,0.25,8.8919838,521,75.405668,35.674494,75.3872973338201,36.4839569680112,0.809671401222416,1,1
LB_pilot_3170,2026-09-04 15:04:02.114,2,2,TRACKING,1,1.5,14,0.25,8.9262007,516,75.5034305714286,35.2345624285714,75.4983843970694,35.7040274551229,0.46949214586683,1,1
LB_pilot_3170,2026-09-04 15:04:02.114,2,2,TRACKING,1,1.5,14,0.25,8.9587431,513,75.5964088571428,34.8161601428572,75.5949081878271,35.2350136109394,0.418856156374579,1,1
LB_pilot_3170,2026-09-04 15:04:02.114,2,2,TRACKING,1,1.5,14,0.25,8.9912576,509,75.6893074285714,34.3981165714286,75.6905591494881,34.6077365003692,0.209623666159957,1,1
LB_pilot_3170,2026-09-04 15:04:02.114,2,2,TRACKING,1,1.5,14,0.25,9.0351938,506,75.8148394285714,33.8332225714286,75.8188079616349,34.1352960241946,0.302099520225765,1,1
LB_pilot_3170,2026-09-04 15:04:02.114,2,2,TRACKING,1,1.5,14,0.25,9.0568561,503,75.8767317142857,33.5547072857143,75.8789166557361,33.6623120330579,0.107626927950291,1,1
LB_pilot_3170,2026-09-04 15:04:02.114,2,2,TRACKING,1,1.5,14,0.25,9.0922749,500,75.9779282857143,33.0993227142857,75.9803425343588,33.1871936281349,0.0879040732685568,1,1
LB_pilot_3170,2026-09-04 15:04:02.114,2,2,TRACKING,1,1.5,14,0.25,9.1221515,498,76.06329,32.715195,76.0682474664734,32.8688850290396,0.153769962931677,1,1
LB_pilot_3170,2026-09-04 15:04:02.114,2,2,TRACKING,1,1.5,14,0.25,9.1602219,496,76.1720625714286,32.2257184285714,76.184022025825,32.5486060647937,0.323109043783435,1,1
LB_pilot_3170,2026-09-04 15:04:02.114,2,2,TRACKING,1,1.5,14,0.25,9.1959851,495,76.2742431428571,31.7659058571429,76.2986851096264,32.3857714140412,0.620347256275393,1,1
LB_pilot_3170,2026-09-04 15:04:02.114,2,2,TRACKING,1,1.5,14,0.25,9.2716262,494,76.4903605714286,30.7933774285714,76.5498867832898,32.2166477562487,1.42451458242623,1,1
LB_pilot_3170,2026-09-04 15:04:02.114,2,2,TRACKING,1,1.5,14,0.25,9.3592175,494,76.7406214285714,29.6672035714286,76.8467289853766,32.2042327627881,2.53924711901407,0,0
LB_pilot_3170,2026-09-04 15:04:02.114,2,2,TRACKING,1,1.5,14,0.25,9.3825718,491,76.807348,29.366934,76.9226832344244,31.720525555609,2.35641580094293,1,1
LB_pilot_3170,2026-09-04 15:04:02.114,2,2,TRACKING,1,1.5,14,0.25,9.415831,485,76.9023742857143,28.9393157142857,77.0172889733188,30.7524057565871,1.81672807181473,1,1
LB_pilot_3170,2026-09-04 15:04:02.114,2,2,TRACKING,1,1.5,14,0.25,9.4490951,479,76.9974145714286,28.5116344285714,77.0961528693834,29.7810357039704,1.27323558286261,1,1
LB_pilot_3170,2026-09-04 15:04:02.114,2,2,TRACKING,1,1.5,14,0.25,9.4827184,468,77.0934811428571,28.0793348571429,77.0856829271371,28.0045507215752,0.0751896209660663,1,1
LB_pilot_3170,2026-09-04 15:04:02.114,2,2,TRACKING,1,1.5,14,0.25,9.5150979,460,77.185994,27.663027,77.0679423485822,26.7081733057115,0.962123573091766,1,1
LB_pilot_3170,2026-09-04 15:04:02.114,2,2,TRACKING,1,1.5,14,0.25,9.5473474,452,77.2781354285714,27.2483905714286,77.0152856072855,25.4113310278678,1.85576878816783,1,1
LB_pilot_3170,2026-09-04 15:04:02.114,2,2,TRACKING,1,1.5,14,0.25,9.5862782,448,77.3893662857143,26.7478517142857,77.0834867733258,24.746613880762,2.02447898048507,1,1
LB_pilot_3170,2026-09-04 15:04:02.114,2,2,TRACKING,1,1.5,14,0.25,9.6209948,446,77.4885565714286,26.3014954285714,77.1889028971208,24.4017960365541,1.92318748554506,1,1
LB_pilot_3170,2026-09-04 15:04:02.114,2,2,TRACKING,1,1.5,14,0.25,9.649251,444,77.5692885714286,25.9382014285714,77.2638883769979,24.0603993695681,1.90247466515473,1,1
LB_pilot_3170,2026-09-04 15:04:02.114,2,2,TRACKING,1,1.5,14,0.25,9.6834098,442,77.6668851428571,25.4990168571429,77.3676374001651,23.7129356574085,1.81097632882125,1,1
LB_pilot_3170,2026-09-04 15:04:02.114,2,2,TRACKING,1,1.5,14,0.25,9.7126586,440,77.7504531428571,25.1229608571429,77.4477922691646,23.3679923024746,1.7808756925566,1,1
LB_pilot_3170,2026-09-04 15:04:02.114,2,2,TRACKING,1,1.5,14,0.25,9.7460237,437,77.845782,24.693981,77.5154983204668,22.8575145455458,1.86593042402488,1,1
LB_pilot_3170,2026-09-04 15:04:02.114,2,2,TRACKING,1,1.5,14,0.25,9.7818922,433,77.9482634285714,24.2328145714286,77.5591941897515,22.1821437194959,2.087253174764,1,1
LB_pilot_3170,2026-09-04 15:04:02.114,2,2,TRACKING,1,1.5,14,0.25,9.8152328,427,78.0435222857143,23.8041497142857,77.5079636382318,21.1867696525009,2.67161027335988,0,0
LB_pilot_3170,2026-09-04 15:04:02.114,2,2,TRACKING,1,1.5,14,0.25,9.8439399,424,78.1255425714286,23.4350584285714,77.5401956666009,20.6751985678792,2.82125104335855,0,0
LB_pilot_3170,2026-09-04 15:04:02.114,2,2,TRACKING,1,1.5,14,0.25,9.8897166,422,78.2563331428571,22.8465008571429,77.7039782351949,20.3021420311365,2.60362397044867,0,0
LB_pilot_3170,2026-09-04 15:04:02.114,2,2,TRACKING,1,1.5,14,0.25,9.9111844,421,78.3176697142857,22.5704862857143,77.7787492172556,20.1163008769492,2.5126602083677,0,0
LB_pilot_3170,2026-09-04 15:04:02.114,2,2,TRACKING,1,1.5,14,0.25,9.9481946,420,78.4234131428571,22.0946408571428,77.9384423950023,19.9110462974469,2.23680169604028,1,1
LB_pilot_3170,2026-09-04 15:04:02.114,2,2,TRACKING,1,1.5,14,0.25,9.9767954,420,78.5051297142857,21.7269162857143,78.0941490650763,19.8764642456202,1.89554157082161,1,1
LB_pilot_3170,2026-09-04 15:04:02.114,2,2,TRACKING,1,1.5,14,0.25,10.0106392,419,78.6018262857143,21.2917817142857,78.2383128634191,19.6733260280706,1.65877690375492,1,1
LB_pilot_3170,2026-09-04 15:04:02.114,2,2,TRACKING,1,1.5,14,0.25,10.0428672,418,78.6939062857143,20.8774217142857,78.3745067536308,19.4710907769445,1.44214519602511,1,1
LB_pilot_3170,2026-09-04 15:04:02.114,2,2,TRACKING,1,1.5,14,0.25,10.0753991,416,78.7868545714286,20.4591544285714,78.4723830922241,19.1045172679027,1.39065960906963,1,1
LB_pilot_3170,2026-09-04 15:04:02.114,2,2,TRACKING,1,1.5,14,0.25,10.1097224,414,78.8849211428571,20.0178548571429,78.580362536446,18.7337973490978,1.3196816391486,1,1
LB_pilot_3170,2026-09-04 15:04:02.114,2,2,TRACKING,1,1.5,14,0.25,10.1424759,411,78.9785025714286,19.5967384285714,78.6366442300525,18.2000657398148,1.4379018482105,1,1
LB_pilot_3170,2026-09-04 15:04:02.114,2,2,TRACKING,1,1.5,14,0.25,10.1747179,411,79.0706225714286,19.1821984285714,78.8192873865065,18.1553608586843,1.05714936036095,1,1
LB_pilot_3170,2026-09-04 15:04:02.114,2,2,TRACKING,1,1.5,14,0.25,10.208986,408,79.1685314285714,18.7416085714286,78.8842934566558,17.6153542788197,1.16156788708134,1,1
LB_pilot_3170,2026-09-04 15:04:02.114,2,2,TRACKING,1,1.5,14,0.25,10.2465313,408,79.2758037142857,18.2588832857143,79.0996750547764,17.5609974350416,0.719767994057581,1,1
LB_pilot_3170,2026-09-04 15:04:02.114,2,2,TRACKING,1,1.5,14,0.25,10.274963,406,79.3570371428571,17.8933328571429,79.1759107956282,17.1898259728451,0.726449371886871,1,1
LB_pilot_3170,2026-09-04 15:04:02.114,2,2,TRACKING,1,1.5,14,0.25,10.3065914,402,79.447404,17.486682,79.1786398601219,16.4826128262301,1.03941765840272,1,1
LB_pilot_3170,2026-09-04 15:04:02.114,2,2,TRACKING,1,1.5,14,0.25,10.3428115,399,79.55089,17.020995,79.2506131943105,15.9305417401996,1.13104132189959,1,1
LB_pilot_3170,2026-09-04 15:04:02.114,2,2,TRACKING,1,1.5,14,0.25,10.372536,395,79.6358171428571,16.6388228571429,79.2311799324355,15.2223968471005,1.47308992053523,1,1
LB_pilot_3170,2026-09-04 15:04:02.114,2,2,TRACKING,1,1.5,14,0.25,10.4446983,392,79.8419951428571,15.7110218571429,79.516286228761,14.6010586622554,1.15676470845474,1,1
LB_pilot_3170,2026-09-04 15:04:02.114,2,2,TRACKING,1,1.5,14,0.25,10.5364999,392,80.1042854285714,14.5307155714286,80.0766733282338,14.4366180082919,0.098065179718979,1,1
LB_pilot_3170,2026-09-04 15:04:02.114,2,2,TRACKING,1,1.5,14,0.25,10.5498686,391,80.1424817142857,14.3588322857143,80.1088353501791,14.2451764219383,0.118531570428531,1,1
LB_pilot_3170,2026-09-04 15:04:02.114,2,2,TRACKING,1,1.5,14,0.25,10.58377,383,80.2393428571429,13.9229571428571,79.8981461477685,12.8464257795794,1.12930729680123,1,1
LB_pilot_3170,2026-09-04 15:04:02.114,2,2,TRACKING,1,1.5,14,0.25,10.6163192,379,80.3323405714286,13.5044674285714,79.8776331570458,12.115992202666,1.46103466271258,1,1
LB_pilot_3170,2026-09-04 15:04:02.114,2,2,TRACKING,1,1.5,14,0.25,10.6484726,373,80.4242074285714,13.0910665714286,79.7247418530458,11.054367145486,2.1534615489904,1,1
LB_pilot_3170,2026-09-04 15:04:02.114,2,2,TRACKING,1,1.5,14,0.25,10.6820816,368,80.5202331428571,12.6589508571428,79.6265880327297,10.1546050770398,2.65901285615071,0,0
LB_pilot_3170,2026-09-04 15:04:02.114,2,2,TRACKING,1,1.5,14,0.25,10.7195495,363,80.6272842857143,12.1772207142857,79.541220163595,9.24476018331616,3.12711688989221,0,0
LB_pilot_3170,2026-09-04 15:04:02.114,2,2,TRACKING,1,1.5,14,0.25,10.7728493,361,80.7795694285714,11.4919375714286,79.7617183692721,8.78345556265705,2.89342281230305,0,0
LB_pilot_3170,2026-09-04 15:04:02.114,2,2,TRACKING,1,1.5,14,0.25,10.8563229,360,81.0180654285714,10.4187055714286,80.2561801640443,8.40595607881363,2.15212213322692,1,1
LB_pilot_3170,2026-09-04 15:04:02.114,2,2,TRACKING,1,1.5,14,0.25,10.8808814,359,81.0882325714286,10.1029534285714,80.3538241142839,8.17670104935904,2.06150527778783,1,1
LB_pilot_3170,2026-09-04 15:04:02.114,2,2,TRACKING,1,1.5,14,0.25,10.9092294,358,81.1692268571429,9.73847914285716,80.4773168808747,7.93663524461151,1.93012456823505,1,1
LB_pilot_3170,2026-09-04 15:04:02.114,2,2,TRACKING,1,1.5,14,0.25,10.9392979,354,81.2551368571429,9.35188414285715,80.4015935353294,7.19104061154372,2.3233124992199,1,1
LB_pilot_3170,2026-09-04 15:04:02.114,2,2,TRACKING,1,1.5,14,0.25,10.972851,350,81.3510028571429,8.92048714285714,80.3416094444459,6.43485774922775,2.68276509297224,0,0
LB_pilot_3170,2026-09-04 15:04:02.114,2,2,TRACKING,1,1.5,14,0.25,11.0045694,347,81.4416268571429,8.51267914285715,80.3371427433949,5.84782618035996,2.88467094644287,0,0
LB_pilot_3170,2026-09-04 15:04:02.114,2,2,TRACKING,1,1.5,14,0.25,11.0374453,342,81.535558,8.08998900000001,80.1797165191298,4.92603713867983,3.44222275601097,0,0
LB_pilot_3170,2026-09-04 15:04:02.114,2,2,TRACKING,1,1.5,14,0.25,11.0710117,341,81.631462,7.65842100000001,80.3377488446996,4.65925679436796,3.26629448466331,0,0
LB_pilot_3170,2026-09-04 15:04:02.114,2,2,TRACKING,1,1.5,14,0.25,11.1244079,338,81.7840225714286,6.97189842857143,80.476168187082,3.99871327137837,3.24812454650492,0,0
LB_pilot_3170,2026-09-04 15:04:02.114,2,2,TRACKING,1,1.5,14,0.25,11.136617,337,81.8189057142857,6.8149242857143,80.4818992639335,3.79505795162907,3.30260184158262,0,0
LB_pilot_3170,2026-09-04 15:04:02.114,2,2,TRACKING,1,1.5,14,0.25,11.1766776,337,81.9333645714286,6.29985942857144,80.7682642478067,3.66827358827095,2.87796851945495,0,0
LB_pilot_3170,2026-09-04 15:04:02.114,2,2,TRACKING,1,1.5,14,0.25,11.2015585,338,82.0044528571429,5.97996214285714,81.0264555344256,3.75665107820055,2.42890733735696,1,1
LB_pilot_3170,2026-09-04 15:04:02.114,2,2,TRACKING,1,1.5,14,0.25,11.2362179,338,82.1034797142857,5.53434128571429,81.2736685086153,3.64790622879917,2.06087939021536,1,1
LB_pilot_3170,2026-09-04 15:04:02.114,2,2,TRACKING,1,1.5,14,0.25,11.2708743,338,82.202498,5.08875900000002,81.5208600848893,3.53917079198276,1.69288329832348,1,1
LB_pilot_3170,2026-09-04 15:04:02.114,2,2,TRACKING,1,1.5,14,0.25,11.3049144,338,82.2997554285714,4.65110057142858,81.7636558159959,3.43236901387615,1.33143133656145,1,1
LB_pilot_3170,2026-09-04 15:04:02.114,2,2,TRACKING,1,1.5,14,0.25,11.334639,338,82.3846828571428,4.26892714285715,81.975670645237,3.33910723927773,1.01580315149174,1,1
LB_pilot_3170,2026-09-04 15:04:02.114,2,2,TRACKING,1,1.5,14,0.25,11.3715589,338,82.4901682857143,3.79424271428571,82.2390069489753,3.22327000708633,0.623772273701768,1,1
LB_pilot_3170,2026-09-04 15:04:02.114,2,2,TRACKING,1,1.5,14,0.25,11.4132237,338,82.6092105714286,3.25855242857145,82.5361869095927,3.09254551672184,0.181358071145915,1,1
LB_pilot_3170,2026-09-04 15:04:02.114,2,2,TRACKING,1,1.5,14,0.25,11.4328638,338,82.6653251428571,3.00603685714287,82.6762726449021,3.03092414656747,0.0271886920599106,1,1
LB_pilot_3170,2026-09-04 15:04:02.114,2,2,TRACKING,1,1.5,14,0.25,11.4720906,339,82.7774017142857,2.50169228571429,83.0313284941756,3.08271316545705,0.634085224746894,1,1
LB_pilot_3170,2026-09-04 15:04:02.114,2,2,TRACKING,1,1.5,14,0.25,11.499473,342,82.8556371428571,2.14963285714284,83.4456587472834,3.52648994544009,1.49795224733104,1,1
LB_pilot_3170,2026-09-04 15:04:02.114,2,2,TRACKING,1,1.5,14,0.25,11.5340487,346,82.9544248571429,1.70508814285716,83.968554214265,4.13550828469863,2.63351484120476,0,0
LB_pilot_3170,2026-09-04 15:04:02.114,2,2,TRACKING,1,1.5,14,0.25,11.565977,348,83.0456485714286,1.29458142857144,84.3251795864895,4.4027486052187,3.36123531108582,0,0
LB_pilot_3170,2026-09-04 15:04:02.114,2,2,TRACKING,1,1.5,14,0.25,11.5992358,348,83.1406737142857,0.866968285714282,84.5569593806754,4.30733242633568,3.7204798761577,0,0
LB_pilot_3170,2026-09-04 15:04:02.114,2,2,TRACKING,1,1.5,14,0.25,11.6317731,350,83.2336374285714,0.448631571428571,84.9110461891276,4.57924751157995,4.45821580848473,0,0
LB_pilot_3170,2026-09-04 15:04:02.114,2,2,TRACKING,1,1.5,14,0.25,11.6735526,352,83.3530074285714,0.0885334285714876,85.2620453690743,4.85472281182101,5.13429518972955,0,0
LB_pilot_3170,2026-09-04 15:04:02.114,2,2,TRACKING,1,1.5,14,0.25,11.6982557,352,83.4235877142857,0.406144714285727,85.2132402264995,4.87427110530562,4.8132119796038,0,0
LB_pilot_3170,2026-09-04 15:04:02.114,2,2,TRACKING,1,1.5,14,0.25,11.7351874,352,83.5291068571429,0.880980857142852,85.1402754211095,4.90349625156198,4.33318523027266,0,0
LB_pilot_3170,2026-09-04 15:04:02.114,2,2,TRACKING,1,1.5,14,0.25,11.7713443,352,83.6324122857143,1.34585528571429,85.0688413638631,4.93210827566801,3.86322909034701,0,0
LB_pilot_3170,2026-09-04 15:04:02.114,2,2,TRACKING,1,1.5,14,0.25,11.7961838,352,83.7033822857143,1.66522028571427,85.0197667400714,4.95176450650589,3.54037299544722,0,0
LB_pilot_3170,2026-09-04 15:04:02.114,2,2,TRACKING,1,1.5,14,0.25,11.8320826,352,83.8059502857143,2.12677628571427,84.9488426029281,4.98017228845006,3.07377155904192,0,0
LB_pilot_3170,2026-09-04 15:04:02.114,2,2,TRACKING,1,1.5,14,0.25,11.8671515,352,83.9061471428572,2.57766214285714,84.8795580732763,5.00792334598464,2.61795690470378,0,0
LB_pilot_3170,2026-09-04 15:04:02.114,2,2,TRACKING,1,1.5,14,0.25,11.8968786,353,83.9910817142857,2.95986771428574,84.8870279424107,5.21229902028643,2.424080533304,1,1
LB_pilot_3170,2026-09-04 15:04:02.114,2,2,TRACKING,1,1.5,14,0.25,11.9288959,356,84.0825597142857,3.3715187142857,85.0206491073107,5.78000939957702,2.58473191848615,0,0
LB_pilot_3170,2026-09-04 15:04:02.114,2,2,TRACKING,1,1.5,14,0.25,11.9631086,363,84.1803102857143,3.81139628571427,85.3903107464427,7.07849490473231,3.48396821187458,0,0
LB_pilot_3170,2026-09-04 15:04:02.114,2,2,TRACKING,1,1.5,14,0.25,12.021507,365,84.3471628571428,4.56223285714285,85.4117746851279,7.47948442864671,3.10543959460288,0,0
LB_pilot_3170,2026-09-04 15:04:02.114,2,2,TRACKING,1,1.5,14,0.25,12.1145712,365,84.6130605714286,5.75877257142857,85.261080534329,7.53447823751656,1.89025407945454,1,1
LB_pilot_3170,2026-09-04 15:04:02.114,2,2,TRACKING,1,1.5,14,0.25,12.1213086,365,84.6323102857143,5.8453962857143,85.2501710033645,7.53845952449781,1.80228049896106,1,1
LB_pilot_3170,2026-09-04 15:04:02.114,2,2,TRACKING,1,1.5,14,0.25,12.1509187,366,84.7169105714286,6.22609757142857,85.264167206801,7.73688668932322,1.6068520727522,1,1
LB_pilot_3170,2026-09-04 15:04:02.114,2,2,TRACKING,1,1.5,14,0.25,12.1834984,365,84.8099954285714,6.6449794285714,85.1494702065022,7.57520892947689,0.99023737013205,1,1
LB_pilot_3170,2026-09-04 15:04:02.114,2,2,TRACKING,1,1.5,14,0.25,12.2165202,365,84.9043434285714,7.0695454285714,85.0959996763859,7.59472228217039,0.559055314689415,1,1
LB_pilot_3170,2026-09-04 15:04:02.114,2,2,TRACKING,1,1.5,14,0.25,12.250106,366,85.0003028571429,7.50136285714284,85.1063276787407,7.79406126652392,0.311309527077255,1,1
LB_pilot_3170,2026-09-04 15:04:02.114,2,2,TRACKING,1,1.5,14,0.25,12.283066,367,85.0944742857143,7.92513428571427,85.1186536788318,7.99238656114661,0.0714668566704817,1,1
LB_pilot_3170,2026-09-04 15:04:02.114,2,2,TRACKING,1,1.5,14,0.25,12.324237,371,85.2121057142857,8.45447571428571,85.3094432450209,8.73355555941267,0.29556751317714,1,1
LB_pilot_3170,2026-09-04 15:04:02.114,2,2,TRACKING,1,1.5,14,0.25,12.3489244,374,85.2826411428571,8.77188514285712,85.4580681645235,9.28669187620569,0.543875548845262,1,1
LB_pilot_3170,2026-09-04 15:04:02.114,2,2,TRACKING,1,1.5,14,0.25,12.3878985,376,85.3939957142857,9.2729807142857,85.5257200054829,9.66567208419054,0.414195365605573,1,1
LB_pilot_3170,2026-09-04 15:04:02.114,2,2,TRACKING,1,1.5,14,0.25,12.4165086,378,85.4757388571429,9.64082485714287,85.6073456146761,10.0394717732519,0.419809126093837,1,1
LB_pilot_3170,2026-09-04 15:04:02.114,2,2,TRACKING,1,1.5,14,0.25,12.4746222,380,85.6417777142857,10.3879997142857,85.65359108319,10.4243659695487,0.0382368958824419,1,1
LB_pilot_3170,2026-09-04 15:04:02.114,2,2,TRACKING,1,1.5,14,0.25,12.5821855,380,85.9491014285714,11.7709564285714,85.5252158970355,10.4660679105717,1.37201056419149,1,1
LB_pilot_3170,2026-09-04 15:04:02.114,2,2,TRACKING,1,1.5,14,0.25,12.5882342,380,85.9663834285714,11.8487254285714,85.5179968642568,10.4684129718581,1.45131422828277,1,1
LB_pilot_3170,2026-09-04 15:04:02.114,2,2,TRACKING,1,1.5,14,0.25,12.6175309,384,86.0500882857143,12.2253972857143,85.7271248292588,11.1978798290089,1.07707823208904,1,1
LB_pilot_3170,2026-09-04 15:04:02.114,2,2,TRACKING,1,1.5,14,0.25,12.6503131,388,86.1437517142857,12.6468827142857,85.9259564481935,11.9300912409997,0.749149380369286,1,1
LB_pilot_3170,2026-09-04 15:04:02.114,2,2,TRACKING,1,1.5,14,0.25,12.6846181,400,86.241766,13.087947,86.5244220984432,14.1240731939114,1.073988807994,1,1
LB_pilot_3170,2026-09-04 15:04:02.114,2,2,TRACKING,1,1.5,14,0.25,12.7171439,409,86.3346968571429,13.5061358571429,86.9044245271017,15.7865473709545,2.3505034120889,1,1
LB_pilot_3170,2026-09-04 15:04:02.114,2,2,TRACKING,1,1.5,14,0.25,12.74996,418,86.4284571428571,13.9280571428571,87.2305580065724,17.4597444066198,3.62162680636699,0,0
LB_pilot_3170,2026-09-04 15:04:02.114,2,2,TRACKING,1,1.5,14,0.25,12.7845853,420,86.5273865714286,14.3732395714286,87.2957488509913,17.8328125476339,3.54387157926822,0,0
LB_pilot_3170,2026-09-04 15:04:02.114,2,2,TRACKING,1,1.5,14,0.25,12.8246834,423,86.6419525714286,14.8887865714286,87.3937216997755,18.3920642577565,3.58303103110467,0,0
LB_pilot_3170,2026-09-04 15:04:02.114,2,2,TRACKING,1,1.5,14,0.25,12.8515855,425,86.7188157142857,15.2346707142857,87.4587217421871,18.7647858443409,3.60682322294417,0,0
LB_pilot_3170,2026-09-04 15:04:02.114,2,2,TRACKING,1,1.5,14,0.25,12.8867626,427,86.8193217142857,15.6869477142857,87.5252719776666,19.1370649940097,3.52160120090529,0,0
LB_pilot_3170,2026-09-04 15:04:02.114,2,2,TRACKING,1,1.5,14,0.25,12.9224611,429,86.9213174285714,16.1459284285714,87.5927482065719,19.5090674135804,3.42950770842313,0,0
LB_pilot_3170,2026-09-04 15:04:02.114,2,2,TRACKING,1,1.5,14,0.25,13.0009009,431,87.1454311428571,17.1544401428571,87.6756574644661,19.8780004820145,2.77469293312936,0,0
LB_pilot_3170,2026-09-04 15:04:02.114,2,2,TRACKING,1,1.5,14,0.25,13.0703241,431,87.3437831428571,18.0470241428571,87.6993423564972,19.8733894759726,1.86065383250359,1,1
LB_pilot_3170,2026-09-04 15:04:02.114,2,2,TRACKING,1,1.5,14,0.25,13.0988184,437,87.4251954285714,18.4133794285714,87.8889319440385,20.9918796910255,2.61986930194113,0,0
LB_pilot_3170,2026-09-04 15:04:02.114,2,2,TRACKING,1,1.5,14,0.25,13.1311129,443,87.5174654285714,18.8285944285714,88.0597108814003,22.1131446168013,3.32900887203901,0,0
LB_pilot_3170,2026-09-04 15:04:02.114,2,2,TRACKING,1,1.5,14,0.25,13.1642888,445,87.6122537142857,19.2551417142857,88.1295864295258,22.4847107988242,3.27074144653234,0,0
LB_pilot_3170,2026-09-04 15:04:02.114,2,2,TRACKING,1,1.5,14,0.25,13.1966332,446,87.7046662857143,19.6709982857143,88.1774822411649,22.6684859193312,3.03454890245895,0,0
LB_pilot_3170,2026-09-04 15:04:02.114,2,2,TRACKING,1,1.5,14,0.25,13.2302142,446,87.800612,20.102754,88.2046480104796,22.664200861061,2.59311687353345,0,0
LB_pilot_3170,2026-09-04 15:04:02.114,2,2,TRACKING,1,1.5,14,0.25,13.2751582,446,87.9290234285714,20.6806054285714,88.2410060205472,22.6584658424823,2.00231489896358,1,1
LB_pilot_3170,2026-09-04 15:04:02.114,2,2,TRACKING,1,1.5,14,0.25,13.2962914,446,87.989404,20.952318,88.2581019866019,22.6557691689635,1.7245128277421,1,1
LB_pilot_3170,2026-09-04 15:04:02.114,2,2,TRACKING,1,1.5,14,0.25,13.3481598,446,88.1375994285714,21.6191974285714,88.3000615765225,22.6491505716502,1.04268759772746,1,1
LB_pilot_3170,2026-09-04 15:04:02.114,2,2,TRACKING,1,1.5,14,0.25,13.3617485,446,88.1764242857143,21.7939092857143,88.3110543250853,22.6474166038911,0.864060177118757,1,1
LB_pilot_3170,2026-09-04 15:04:02.114,2,2,TRACKING,1,1.5,14,0.25,13.3960201,446,88.2743431428571,22.2345441428571,88.3387787638943,22.6430434225383,0.413550009984827,1,1
LB_pilot_3170,2026-09-04 15:04:02.114,2,2,TRACKING,1,1.5,14,0.25,13.4275023,447,88.3642922857143,22.6393152857143,88.3933246835807,22.8262708324463,0.189196343991496,1,1
LB_pilot_3170,2026-09-04 15:04:02.114,2,2,TRACKING,1,1.5,14,0.25,13.4701042,448,88.486012,23.187054,88.4586408948694,23.0079766544631,0.181157039831742,1,1
LB_pilot_3170,2026-09-04 15:04:02.114,2,2,TRACKING,1,1.5,14,0.25,13.4940886,449,88.5545388571429,23.4954248571428,88.5089217512305,23.1921231010989,0.306713018261588,1,1
LB_pilot_3170,2026-09-04 15:04:02.114,2,2,TRACKING,1,1.5,14,0.25,13.5320958,449,88.6631308571429,23.9840888571428,88.5432415087612,23.1869613505223,0.806092871613742,1,1
LB_pilot_3170,2026-09-04 15:04:02.114,2,2,TRACKING,1,1.5,14,0.25,13.5631009,450,88.7517168571429,24.3827258571429,88.6018831315658,23.3700623865055,1.02368816056635,1,1
LB_pilot_3170,2026-09-04 15:04:02.114,2,2,TRACKING,1,1.5,14,0.25,13.5941602,452,88.8404577142857,24.7820597142857,88.6914556928526,23.740683371915,1.0519820762924,1,1
LB_pilot_3170,2026-09-04 15:04:02.114,2,2,TRACKING,1,1.5,14,0.25,13.6286103,453,88.9388865714286,25.2249895714286,88.7558200095802,23.9233700968452,1.31443015131336,1,1
LB_pilot_3170,2026-09-04 15:04:02.114,2,2,TRACKING,1,1.5,14,0.25,13.6603918,453,89.0296908571429,25.6336088571429,88.7885073536189,23.9187727780389,1.73171367742147,1,1
LB_pilot_3170,2026-09-04 15:04:02.114,2,2,TRACKING,1,1.5,14,0.25,13.6916007,454,89.1188591428571,26.0348661428572,88.8517013786408,24.1018855099108,1.95135527219587,1,1
LB_pilot_3170,2026-09-04 15:04:02.114,2,2,TRACKING,1,1.5,14,0.25,13.7257967,455,89.216562,26.474529,88.9192191299817,24.2845921033357,2.21003085809275,1,1
LB_pilot_3170,2026-09-04 15:04:02.114,2,2,TRACKING,1,1.5,14,0.25,13.759273,457,89.3122085714286,26.9049385714286,89.0177108583403,24.6554033003254,2.2687304465166,1,1
LB_pilot_3170,2026-09-04 15:04:02.114,2,2,TRACKING,1,1.5,14,0.25,13.823331,458,89.4952314285714,27.7285414285714,89.1232904788738,24.8337485879229,2.91858966974324,0,0
LB_pilot_3170,2026-09-04 15:04:02.114,2,2,TRACKING,1,1.5,14,0.25,13.8872399,458,89.6778282857143,28.5502272857143,89.199061161718,24.8240131003465,3.75684576663135,0,0
LB_pilot_3170,2026-09-04 15:04:02.114,2,2,TRACKING,1,1.5,14,0.25,13.9131725,462,89.7519214285714,28.8836464285714,89.358698423022,25.5732981760156,3.33362113703588,0,0
LB_pilot_3170,2026-09-04 15:04:02.114,2,2,TRACKING,1,1.5,14,0.25,13.9467436,468,89.8478388571428,29.3152748571429,89.575354224589,26.7021735487823,2.62726974685385,0,0
LB_pilot_3170,2026-09-04 15:04:02.114,2,2,TRACKING,1,1.5,14,0.25,13.9798619,469,89.9424625714286,29.7410815714286,89.651686419664,26.886485113289,2.86936782397415,0,0
